0,2060.05714285714
1,3219.30285714286
2,3339.99142857143
3,2239.75428571429
4,958.931428571428
5,264.877142857142
6,126.157142857142
7,99.9942857142851
8,123.691428571429
9,232.525714285714
10,371.594285714287
11,483.994285714286
12,536.291428571429
13,538.642857142858
14,504.977142857142
15,427.208571428571
16,299.228571428572
17,158.834285714287
18,45.0857142857145
19,-30.0914285714294
20,-74.8400000000009
21,-101.754285714286
22,-115.937142857142
23,-120.82
24,-119.008571428572
25,-110.47142857143
26,-98.7457142857136
27,-87.3257142857125
28,-81.4057142857135
29,-76.1685714285697
30,-69.9714285714283
31,-57.962857142857
32,-42.3685714285712
33,-23.6285714285717
34,-6.35142857142782
35,8.24571428571362
36,18.3742857142854
37,18.9657142857141
38,7.03999999999796
39,-19.1742857142854
40,-52.6314285714274
41,-85.9085714285706
42,-110.517142857143
43,-125.565714285715
44,-132.134285714287
45,-133.205714285713
46,-130.245714285714
47,-120.965714285713
48,-102.38
49,-76.8428571428587
50,-47.2400000000001
51,-19.7885714285716
52,1.38571428571377
53,10.2685714285704
54,5.88571428571377
55,-10.5571428571428
56,-31.0828571428559
57,-45.5114285714284
58,-46.9342857142852
59,-30.3971428571422
60,-4.62857142857101
61,21.3571428571435
62,64.3514285714286
63,146.277142857142
64,235.748571428571
65,276.18
66,230.739999999999
67,113.065714285716
68,-35.2028571428564
69,-174.988571428572
70,-274.054285714287
71,-310.431428571429
72,-287.78
73,-246.365714285713
74,-213.305714285714
75,-185.900000000001
76,-157.13142857143
77,-125.760000000001
78,-94.8085714285713
79,-66.3342857142852
80,-39.4342857142859
81,-15.3828571428581
82,4.66285714285696
83,20.2114285714291
84,30.7171428571448
85,39.5171428571426
86,47.0885714285716
87,54.0228571428561
88,58.6285714285717
89,61.5600000000013
90,62.4457142857136
91,60.9628571428577
92,59.2857142857145
93,57.6000000000007
94,56.5828571428574
95,56.3942857142851
96,56.4685714285704
97,56.4314285714281
98,58.0685714285719
99,59.1342857142859
100,61.1857142857152
101,63.4028571428578
102,66.8028571428571
103,69.1371428571423
104,71.2428571428558
105,71.9142857142855
106,72.5200000000012
107,74.3942857142858
108,77.2428571428565
109,79.2257142857139
110,80.271428571429
111,80.6857142857138
112,80.2514285714293
113,81.2771428571439
114,83.3199999999997
115,85.8942857142865
116,87.1914285714287
117,87.6657142857141
118,88.0828571428574
119,89.157142857142
120,90.8114285714284
121,90.3799999999988
122,89.3599999999991
123,90.2085714285713
124,90.7771428571439
125,91.8000000000015
126,92.8257142857139
127,95.6628571428562
128,98.9285714285696
129,101.114285714285
130,101.625714285713
131,101.391428571429
132,101.917142857145
133,102.914285714288
134,103.657142857144
135,104.542857142857
136,105.54857142857
137,110.288571428572
138,117.485714285714
139,123.02
140,122.205714285713
141,119.171428571428
142,124.654285714286
143,142.985714285714
144,165.58
145,175.077142857143
146,160.042857142857
147,119.262857142857
148,61.1285714285703
149,-2.62857142857174
150,-56.3485714285714
151,-86.828571428571
152,-91.4742857142854
153,-77.2228571428561
154,-53.4257142857132
155,-25.7257142857139
156,3.50857142857058
157,29.7371428571416
158,44.7457142857158
159,46.0514285714286
160,40.5885714285716
161,37.1857142857138
162,38.6057142857149
163,40.6371428571445
164,40.6142857142855
165,41.6714285714283
166,46.2314285714288
167,50.5999999999993
168,52.5771428571439
169,54.1257142857154
170,57.919999999999
171,63.4257142857146
172,67.2257142857139
173,70.1628571428577
174,73.6457142857143
175,76.2314285714288
176,77.4971428571429
177,77.5971428571414
178,76.6885714285723
179,73.9857142857138
180,68.4914285714294
181,62.4114285714277
182,59.3457142857144
183,60.1999999999993
184,61.1800000000017
185,60.5485714285722
186,60.4028571428593
187,61.4685714285712
188,64.8171428571426
189,66.537142857143
190,66.6228571428575
191,67.642857142858
192,70.2485714285693
193,73.9714285714283
194,75.6142857142862
195,74.3257142857154
196,70.608571428572
197,67.8514285714278
198,66.5542857142849
199,65.2742857142854
200,64.2799999999996
201,62.9714285714283
202,63.0685714285712
203,65.0599999999999
204,66.9857142857152
205,68.4457142857151
206,69.8342857142859
207,70.7885714285709
208,71.0028571428586
209,71.8971428571444
210,72.8771428571439
211,74.2771428571432
212,75.5971428571422
213,76.5485714285714
214,76.5800000000003
215,77.4657142857126
216,77.9114285714291
217,77.5657142857148
218,79.242857142858
219,82.362857142857
220,85.5542857142864
221,86.7971428571429
222,87.4314285714288
223,88.3428571428565
224,92.0828571428567
225,95.9457142857129
226,100.28
227,103.185714285714
228,106.648571428571
229,112.902857142857
230,121.745714285714
231,130.714285714288
232,135.528571428575
233,137.968571428573
234,137.939999999999
235,132.514285714285
236,117.908571428571
237,93.7142857142855
238,67.8085714285698
239,47.291428571428
240,36.4685714285719
241,37.2342857142859
242,47.4857142857152
243,63.9371428571416
244,82.5057142857135
245,104.680000000001
246,129.685714285714
247,156.051428571431
248,176.837142857142
249,187.902857142856
250,185.882857142856
251,171.999999999998
252,147.131428571428
253,118.057142857144
254,93.7285714285739
255,77.7485714285729
256,72.7457142857136
257,74.1799999999988
258,78.7714285714283
259,82.3057142857142
260,81.7771428571446
261,77.2571428571435
262,69.3057142857149
263,58.1571428571406
264,38.8714285714283
265,9.11428571428551
266,-30.5114285714299
267,-76.1200000000004
268,-120.64
269,-161.965714285713
270,-198.165714285714
271,-229.788571428572
272,-251.542857142858
273,-259.231428571427
274,-248.057142857141
275,-224.268571428572
276,-197.108571428571
277,-171.862857142858
278,-147.280000000001
279,-118.874285714287
280,-83.4942857142873
281,-42.6800000000003
282,-3.65999999999985
283,26.3114285714306
284,41.8457142857144
285,46.3257142857139
286,47.4942857142836
287,48.985714285713
288,46.4742857142854
289,40.3599999999999
290,33.1799999999988
291,30.691428571428
292,32.3600000000006
293,34.6971428571444
294,35.6685714285733
295,35.2000000000007
296,35.8428571428558
297,36.7742857142854
298,38.1371428571423
299,41.2714285714283
300,45.9942857142851
301,49.7828571428559
302,49.6171428571433
303,47.114285714287
304,45.0000000000007
305,44.7857142857159
306,46.4828571428559
307,45.6885714285723
308,45.4257142857146
309,45.2257142857132
310,47.2342857142852
311,49.1714285714297
312,49.4057142857157
313,50.3800000000003
314,50.44857142857
315,50.9399999999987
316,49.2971428571422
317,46.4885714285716
318,43.2857142857152
319,41.4314285714296
320,40.8714285714283
321,38.8514285714271
322,37.1857142857138
323,35.8057142857135
324,35.1114285714284
325,35.637142857143
326,36.3314285714288
327,38.0628571428584
328,39.1428571428565
329,39.7171428571433
330,39.471428571429
331,39.6371428571438
332,39.9885714285709
333,38.6571428571406
334,36.9828571428545
335,35.485714285713
336,35.5857142857152
337,36.3571428571449
338,37.4228571428575
339,38.0628571428562
340,36.8342857142838
341,34.6228571428561
342,33.7400000000001
343,32.9200000000033
344,31.7485714285751
345,32.7257142857154
346,37.1742857142846
347,42.6914285714258
348,44.8457142857129
349,43.1657142857133
350,39.3114285714284
351,36.5742857142846
352,33.7914285714294
353,29.8600000000028
354,28.3428571428565
355,29.3542857142857
356,30.711428571427
357,30.3799999999996
358,29.7971428571436
359,30.1171428571426
360,31.8742857142861
361,34.1200000000012
362,33.4057142857142
363,31.9057142857142
364,31.1142857142855
365,31.471428571429
366,31.3685714285719
367,31.5171428571412
368,33.2371428571394
369,33.8028571428556
370,34.4885714285716
371,33.311428571427
372,34.4800000000003
373,37.8257142857139
374,40.4828571428588
375,39.0085714285713
376,35.5457142857136
377,33.6428571428565
378,33.5
379,31.6657142857162
380,28.5314285714281
381,25.5771428571432
382,23.9257142857168
383,25.0599999999991
384,26.1685714285733
385,28.9
386,30.2085714285698
387,31.057142857142
388,29.1742857142832
389,26.2942857142858
390,24.0942857142873
391,21.9257142857168
392,19.1885714285687
393,16.4714285714275
394,14.4828571428545
395,15.3685714285719
396,15.6828571428588
397,15.7171428571412
398,14.5971428571429
399,14.0371428571409
400,14.9685714285704
401,15.968571428569
402,18.8314285714281
403,21.2657142857162
404,21.1657142857177
405,19.8657142857148
406,19.8314285714281
407,23.8571428571435
408,27.571428571429
409,28.485714285716
410,27.1514285714293
411,25.9771428571417
412,27.3199999999997
413,29.0257142857125
414,29.5199999999997
415,25.8828571428559
416,24.1771428571432
417,25.2228571428583
418,28.8714285714275
419,30.6142857142855
420,29.6514285714264
421,28.2514285714293
422,29.1971428571429
423,29.7800000000003
424,26.7742857142846
425,23.7199999999968
426,22.1199999999983
427,22.0657142857133
428,24.0542857142878
429,25.7514285714293
430,25.1742857142861
431,22.6657142857148
432,20.3714285714261
433,21.185714285713
434,24.4371428571409
435,26.0228571428568
436,24.4342857142867
437,22.6114285714284
438,23.0371428571423
439,25.0600000000006
440,27.4685714285719
441,28.3057142857127
442,26.8999999999985
443,27.0342857142867
444,29.260000000002
445,33.042857142858
446,31.6285714285725
447,25.6285714285725
448,19.4057142857127
449,17.7171428571426
450,19.1685714285704
451,18.0771428571432
452,15.2085714285713
453,11.8371428571438
454,12.5971428571458
455,15.571428571429
456,18.128571428571
457,19.2457142857122
458,20.0257142857139
459,22.3114285714284
460,24.5514285714264
461,26.0799999999988
462,25.9171428571441
463,26.8885714285745
464,26.9371428571438
465,26.1314285714281
466,24.6457142857151
467,25.0657142857162
468,25.8942857142858
469,25.5057142857113
470,25.0028571428527
471,24.2542857142849
472,24.6485714285736
473,23.6800000000017
474,21.339999999998
475,18.0742857142861
476,16.9199999999983
477,17.0485714285693
478,19.0657142857148
479,21.7485714285707
480,22.1828571428574
481,22.6857142857145
482,22.0828571428603
483,22.6942857142887
484,21.2199999999997
485,18.9057142857127
486,16.4828571428559
487,14.0399999999994
488,16.0199999999997
489,16.8171428571441
490,18.0428571428594
491,14.571428571429
492,12.4799999999988
493,13.5342857142823
494,17.4828571428559
495,21.5485714285736
496,21.6828571428588
497,22.9228571428583
498,24.6228571428568
499,29.1085714285728
500,32.2914285714287
501,35.6971428571429
502,37.2314285714281
503,38.9771428571432
504,38.7028571428586
505,35.7657142857133
506,30.2085714285684
507,21.9999999999971
508,14.1428571428565
509,6.29142857143015
510,1.02000000000262
511,-0.8228571428539
512,0.682857142855937
513,3.17142857142462
514,5.17714285714173
515,4.93714285714232
516,4.46571428571478
517,6.14571428571362
518,9.00000000000145
519,11.8228571428568
520,13.5314285714296
521,14.8342857142867
522,15.4885714285716
523,17.4057142857157
524,18.9914285714272
525,20.2457142857136
526,21.6942857142843
527,21.1457142857136
528,19.6999999999985
529,17.3371428571438
530,15.8028571428571
531,17.1885714285716
532,20.3314285714281
533,23.5514285714278
534,23.3771428571432
535,21.5885714285731
536,21.3457142857151
537,22.4657142857148
538,23.7199999999997
539,23.6828571428574
540,23.3257142857139
541,21.9657142857133
542,21.1742857142832
543,19.9628571428577
544,19.1342857142867
545,17.0400000000009
546,16.2171428571441
547,17.8085714285698
548,20.2057142857142
549,20.7828571428574
550,17.9485714285722
551,15.971428571429
552,15.2371428571452
553,17.0914285714287
554,18.8771428571417
555,19.5742857142832
556,19.511428571427
557,17.928571428571
558,16.1628571428591
559,16.3028571428571
560,16.6371428571438
561,17.6371428571409
562,18.2285714285696
563,20.239999999998
564,22.7057142857142
565,23.114285714287
566,23.4199999999997
567,20.9485714285693
568,20.4400000000009
569,19.30285714286
570,18.1285714285739
571,16.1371428571423
572,13.9114285714269
573,12.8371428571423
574,12.6571428571435
575,13.2628571428577
576,14.4428571428551
577,14.4942857142858
578,14.8657142857148
579,12.2542857142864
580,10.0628571428577
581,10.0171428571426
582,13.5085714285728
583,18.5428571428565
584,20.8371428571423
585,20.2400000000009
586,16.6828571428588
587,15.6771428571446
588,17.2485714285693
589,19.7914285714258
590,19.6571428571435
591,16.2971428571444
592,14.6942857142858
593,17.7314285714281
594,21.8685714285719
595,22.7314285714296
596,19.8885714285731
597,17.0485714285707
598,14.9542857142849
599,13.8400000000009
600,14.114285714287
601,17.4342857142852
602,21.342857142858
603,22.7971428571444
604,19.8657142857148
605,16.3828571428545
606,16.0771428571417
607,18.2171428571412
608,18.971428571429
609,16.785714285713
610,14.5400000000009
611,16.688571428573
612,22.4971428571444
613,26.8000000000029
614,25.1885714285716
615,20.4571428571406
616,17.3942857142858
617,16.7114285714284
618,17.4857142857145
619,17.6485714285736
620,18.860000000002
621,20.6914285714316
622,21.6371428571423
623,20.2057142857142
624,16.6285714285681
625,15.1914285714243
626,16.6942857142829
627,19.0771428571417
628,21.2000000000029
629,21.1485714285751
630,19.8028571428556
631,19.8428571428551
632,20.8971428571414
633,23.4914285714302
634,23.8142857142884
635,21.0057142857142
636,16.1542857142849
637,15.8714285714261
638,19.5828571428559
639,23.5257142857139
640,22.8800000000003
641,18.711428571427
642,17.3857142857145
643,19.0742857142861
644,20.8685714285719
645,20.3257142857183
646,18.6685714285733
647,17.7714285714304
648,18.0828571428574
649,18.214285714287
650,17.6914285714287
651,16.8114285714284
652,16.7742857142846
653,17.3799999999974
654,19.2285714285696
655,20.0514285714264
656,19.728571428571
657,19.4085714285728
658,19.1085714285713
659,18.7771428571432
660,18.0314285714296
661,18.1000000000015
662,18.8371428571423
663,19.4771428571432
664,20.8914285714258
665,21.0228571428568
666,21.2199999999997
667,19.8371428571438
668,19.1342857142867
669,19.4085714285713
670,18.7114285714284
671,17.8057142857127
672,17.1485714285693
673,19.7228571428554
674,21.9800000000017
675,22.8342857142881
676,19.8514285714307
677,18.1000000000015
678,19.3371428571409
679,21.0171428571426
680,22.2428571428565
681,22.114285714287
682,21.8142857142855
683,20.7428571428565
684,19.1914285714287
685,17.5342857142838
686,18.8114285714299
687,21.7028571428556
688,22.7771428571446
689,19.9428571428551
690,18
691,17.9342857142881
692,19.9142857142841
693,20.971428571429
694,21.7371428571452
695,22.4114285714269
696,22.3742857142846
697,22.8942857142858
698,22.4114285714284
699,23.0685714285748
700,20.2457142857151
701,15.8600000000006
702,11.6399999999965
703,12.5428571428551
704,16.7657142857148
705,20.6885714285716
706,22.1942857142873
707,21.9771428571403
708,20.9428571428551
709,18.9885714285716
710,17.7200000000026
711,15.9800000000017
712,15.8771428571432
713,17.9199999999997
714,22.1028571428586
715,24.8914285714287
716,25.3342857142881
717,21.8085714285713
718,19.6800000000003
719,21.4542857142849
720,23.5485714285707
721,22.6885714285687
722,21.3542857142864
723,20.7942857142858
724,21.7857142857159
725,22.1742857142875
726,20.8228571428568
727,18.1028571428556
728,17.2371428571423
729,18.8085714285684
730,20.0257142857168
731,22.7514285714336
732,23.160000000002
733,22.471428571429
734,20.0914285714258
735,19.2485714285707
736,19.4857142857145
737,20.8485714285707
738,22.3971428571429
739,21.639999999998
740,22.6657142857148
741,24.0085714285684
742,24.7628571428562
743,21.4485714285707
744,18.6057142857171
745,17.4600000000035
746,19.5428571428565
747,20.8399999999994
748,19.9371428571423
749,18.2657142857133
750,17.5057142857157
751,19.7800000000003
752,21.7942857142858
753,22.4914285714258
754,20.8314285714267
755,20.5599999999991
756,19.7342857142867
757,19.3057142857157
758,16.8285714285739
759,14.9628571428562
760,15.4342857142838
761,18.0771428571417
762,20.1085714285713
763,19.188571428573
764,18.685714285713
765,19.6285714285696
766,20.5885714285716
767,20.2114285714313
768,20.1800000000003
769,21.2257142857139
770,23.1657142857104
771,23.6142857142855
772,21.2800000000003
773,18.2971428571414
774,18.1200000000012
775,20.0828571428545
776,22.5028571428571
777,24.3171428571426
778,22.2514285714293
779,21.214285714287
780,23.0057142857157
781,25.5057142857142
782,24.4742857142861
783,20.1257142857139
784,16.131428571431
785,17.542857142858
786,22.0371428571423
787,22.871428571429
788,20.2685714285704
789,17.7857142857145
790,20.3885714285701
791,23.9314285714281
792,26.8857142857145
793,26.0771428571446
794,24.5771428571432
795,21.0342857142838
796,18.1514285714278
797,19.6885714285716
798,23.8885714285731
799,28.1628571428577
800,27.685714285713
801,22.7714285714275
802,17.3371428571409
803,13.1942857142858
804,14.1742857142861
805,18.2800000000017
806,20.9028571428586
807,17.9400000000009
808,15.6942857142858
809,20.5314285714281
810,28.2114285714284
811,31.668571428569
812,26.1171428571426
813,17.5428571428565
814,15.2514285714322
815,20.3171428571426
816,25.9714285714275
817,27.8228571428554
818,25.2457142857136
819,23.4400000000038
820,24.9742857142861
821,27.2885714285745
822,26.1457142857136
823,24.7714285714275
824,25.211428571427
825,26.6428571428551
826,25.8514285714264
827,23.9771428571403
828,21.0914285714287
829,19.8971428571429
830,19.2514285714322
831,19.4200000000012
832,21.0657142857119
833,22.7942857142843
834,23.6542857142849
835,23.8685714285733
836,24
837,24.0914285714272
838,24.811428571427
839,23.9628571428562
840,20.9028571428571
841,16.5742857142875
842,16.4857142857145
843,19.6171428571426
844,24.1400000000009
845,25.6228571428583
846,24.1514285714264
847,22.4228571428539
848,21.3228571428583
849,20.331428571431
850,22.0342857142867
851,24.3971428571429
852,24.9057142857127
853,23.0885714285731
854,22.2942857142858
855,22.8085714285713
856,22.628571428571
857,22.7085714285713
858,23.7057142857157
859,25.9085714285728
860,26.4799999999988
861,23.5799999999988
862,21.2228571428583
863,20.5228571428583
864,21.1800000000032
865,22.4771428571417
866,22.4399999999994
867,23.8114285714284
868,24.5457142857151
869,25.8714285714275
870,24.9714285714261
871,24.5457142857136
872,24.8800000000017
873,26.2942857142873
874,26.5828571428559
875,24.8371428571423
876,22.3999999999956
877,22.4999999999985
878,23.8200000000012
879,26.2400000000009
880,26.3228571428597
881,23.4657142857133
882,20.628571428571
883,20.1228571428568
884,23.3371428571438
885,24.9342857142867
886,25.2771428571432
887,23.6485714285722
888,22.8228571428539
889,22.0171428571397
890,21.7257142857125
891,22.9285714285725
892,23.6914285714302
893,24.1514285714307
894,23.1228571428568
895,22.7028571428556
896,23.2057142857113
897,23.4400000000009
898,26.7485714285722
899,28.2657142857119
900,29.7714285714261
901,28.3057142857127
902,26.3228571428568
903,24.3771428571461
904,23.5828571428603
905,24.2657142857162
906,23.3057142857142
907,23.3028571428571
908,22.4800000000003
909,23.7114285714284
910,25.2342857142852
911,24.6285714285725
912,22.6885714285701
913,21.8942857142829
914,23.0971428571429
915,25.1485714285751
916,26.9228571428583
917,26.1342857142852
918,24.1742857142846
919,24.2628571428562
920,26.1342857142852
921,28.7285714285696
922,29.2314285714281
923,28.0485714285722
924,27.7600000000006
925,29.3028571428571
926,28.3171428571412
927,23.3971428571429
928,20.5085714285728
929,22.3000000000029
930,27.2171428571441
931,28.2857142857145
932,25.1428571428551
933,19.7314285714281
934,19.5342857142867
935,25.3285714285739
936,30.3457142857122
937,31.2200000000012
938,26.0228571428568
939,22.7142857142855
940,20.4514285714293
941,21.342857142858
942,22.7600000000035
943,26.7828571428588
944,31.3971428571414
945,32.4542857142849
946,30.9057142857127
947,27.4400000000009
948,24.714285714287
949,22.3
950,23.228571428571
951,26.3000000000015
952,26.968571428569
953,25.5885714285701
954,24.0457142857136
955,25.1057142857142
956,27.1257142857154
957,27.7428571428565
958,29.011428571427
959,28.0885714285716
960,27.142857142858
961,24.0685714285719
962,22.3914285714302
963,22.3657142857148
964,23.3628571428562
965,27.3885714285716
966,31.6257142857125
967,34.2971428571429
968,30.7142857142855
969,25.445714285718
970,23.1971428571444
971,25.4542857142835
972,29.5914285714272
973,29.3171428571382
974,26.6999999999985
975,24.6971428571473
976,26.6771428571461
977,29.6971428571444
978,31.4885714285701
979,31.6914285714272
980,28.8971428571429
981,27.3228571428583
982,26.9657142857177
983,27.6599999999991
984,27.7857142857145
985,25.9971428571414
986,24.325714285711
987,23.7657142857119
988,24.3799999999988
989,25.6971428571429
990,26.9000000000015
991,27.142857142858
992,25.1314285714281
993,25.3800000000003
994,26.4171428571455
995,25.6914285714302
996,26.7400000000023
997,28.2228571428583
998,30.29714285714
999,28.5628571428562
1000,23.5885714285701
1001,21.1057142857127
1002,24.2942857142873
1003,29.0285714285739
1004,28.5800000000003
1005,28.8342857142852
1006,29.3828571428574
1007,31.4400000000009
1008,31.2685714285719
1009,29.7285714285725
1010,27.9999999999985
1011,25.9371428571438
1012,23.9285714285739
1013,22.6742857142861
1014,25.3971428571414
1015,29.0799999999988
1016,31.1771428571446
1017,28.8885714285687
1018,27.3857142857159
1019,27.4485714285693
1020,29.2028571428571
1021,31.7028571428542
1022,33.9142857142797
1023,33.3800000000003
1024,30.9514285714293
1025,28.3971428571473
1026,28.4257142857154
1027,30.1314285714281
1028,31.7685714285661
1029,29.6999999999985
1030,28.5914285714302
1031,29.260000000002
1032,28.7914285714302
1033,26.7399999999994
1034,24.3885714285716
1035,25.2971428571385
1036,29.157142857142
1037,31.2485714285707
1038,30.4428571428609
1039,27.8742857142861
1040,26.5057142857127
1041,26.228571428571
1042,24.9200000000012
1043,26.5085714285698
1044,27.1571428571406
1045,27.8685714285704
1046,27.1257142857125
1047,27.6142857142855
1048,31.1257142857154
1049,34.3228571428597
1050,34.3685714285704
1051,30.9771428571432
1052,28.2314285714281
1053,28.9628571428548
1054,31.0142857142884
1055,31.4657142857162
1056,28.0971428571444
1057,24.3914285714287
1058,25.8942857142858
1059,28.9028571428571
1060,31.1085714285684
1061,30.7628571428548
1062,30.3171428571426
1063,31.3971428571444
1064,31.8028571428586
1065,30.8342857142867
1066,30.9000000000029
1067,32.3314285714296
1068,31.7999999999985
1069,29.068571428569
1070,28.1228571428554
1071,29.2085714285742
1072,31.2485714285751
1073,32.260000000002
1074,31.4085714285728
1075,32.0314285714281
1076,32.2342857142852
1077,33.3514285714293
1078,32.0085714285684
1079,29.6714285714275
1080,28.442857142858
1081,29.2314285714281
1082,30.0457142857136
1083,27.6400000000009
1084,25.945714285718
1085,25.5314285714296
1086,26.7885714285745
1087,27.4314285714267
1088,26.2057142857127
1089,26.4942857142814
1090,27.3314285714252
1091,28.1942857142858
1092,28.3314285714325
1093,28.1257142857168
1094,26.8028571428556
1095,24.2714285714275
1096,22.425714285711
1097,24.4400000000023
1098,30.2228571428597
1099,34.9885714285731
1100,35.3971428571414
1101,30.8514285714264
1102,26.8599999999991
1103,24.4628571428577
1104,26.7314285714281
1105,29.2057142857171
1106,32.6428571428565
1107,32.6257142857139
1108,30.1542857142849
1109,27.9085714285699
1110,26.9571428571449
1111,27.9942857142887
1112,29.1657142857148
1113,31.3714285714275
1114,32.0371428571394
1115,34.1200000000012
1116,32.485714285713
1117,29.828571428571
1118,26.2057142857142
1119,25.8942857142873
1120,29.8285714285739
1121,35.028571428571
1122,37.357142857142
1123,35.1142857142826
1124,35.4085714285742
1125,36.685714285713
1126,36.2714285714275
1127,33.6742857142846
1128,30.0314285714267
1129,31.2171428571455
1130,32.3200000000012
1131,32.3200000000026
1132,30.6400000000023
1133,27.6857142857145
1134,26.39714285714
1135,25.2514285714249
1136,27.2685714285704
1137,32.085714285713
1138,38.0828571428559
1139,40.5685714285704
1140,39.1942857142858
1141,35.7857142857145
1142,32.2628571428591
1143,31.2342857142896
1144,33.9085714285742
1145,35.4085714285669
1146,34.7714285714232
1147,32.4171428571397
1148,29.0228571428568
1149,29.2371428571467
1150,32.0800000000003
1151,33.8428571428551
1152,32.9485714285722
1153,31.6371428571409
1154,30.039999999998
1155,28.1800000000003
1156,28.5514285714293
1157,29.0514285714322
1158,29.4685714285733
1159,30.7142857142841
1160,30.7514285714278
1161,32.5199999999997
1162,32.7028571428542
1163,31.542857142858
1164,29.3485714285693
1165,31.4171428571455
1166,34.6714285714304
1167,34.1971428571429
1168,32.6142857142855
1169,30.8457142857107
1170,32.8742857142861
1171,33.4657142857104
1172,31.9942857142843
1173,31.1000000000015
1174,32.5342857142838
1175,35.2857142857159
1176,35.8142857142855
1177,32.8371428571438
1178,31.3085714285728
1179,30.3942857142829
1180,32.068571428569
1181,34.9685714285704
1182,38.0457142857136
1183,38.3971428571458
1184,33.3400000000023
1185,29.0342857142881
1186,27.6342857142809
1187,30.7685714285675
1188,33.1542857142835
1189,33.9971428571429
1190,34.8114285714299
1191,33.2000000000015
1192,32.7028571428571
1193,32.2
1194,34.4657142857133
1195,36.5371428571438
1196,36.9000000000029
1197,36.8371428571452
1198,35.7800000000017
1199,35.3799999999959
1200,32.2914285714272
1201,30.8914285714302
1202,32.2685714285733
1203,37.5971428571458
1204,41.0028571428571
1205,39.9771428571403
1206,34.7342857142852
1207,28.1314285714267
1208,26.0999999999985
1209,26.7771428571432
1210,29.0199999999997
1211,30.3942857142873
1212,31.1742857142832
1213,30.7085714285713
1214,30.1028571428586
1215,30.1457142857165
1216,29.4942857142873
1217,29.8457142857122
1218,29.8857142857116
1219,30.4828571428574
1220,31.4314285714281
1221,30.1971428571429
1222,30.0457142857136
1223,31.1171428571455
1224,34.745714285718
1225,36.8000000000015
1226,37.1857142857145
1227,37.0485714285722
1228,39.3285714285725
1229,42.1800000000003
1230,40.6714285714275
1231,35.7742857142861
1232,30.8857142857159
1233,31.6800000000017
1234,35.4571428571449
1235,37.6085714285713
1236,35.7571428571478
1237,34.4457142857165
1238,33.9885714285701
1239,34.7914285714258
1240,36.3228571428554
1241,38.411428571427
1242,37.8142857142826
1243,36.3028571428542
1244,35.0228571428554
1245,35.1200000000012
1246,36.531428571431
1247,35.3457142857165
1248,34.1114285714284
1249,34.8771428571461
1250,36.0485714285736
1251,33.5228571428554
1252,34.0342857142852
1253,38.5114285714255
1254,41.8199999999983
1255,41.1685714285719
1256,36.9342857142838
1257,35.5799999999974
1258,37.2457142857122
1259,38.4742857142875
1260,36.2114285714299
1261,37.088571428573
1262,38.814285714287
1263,40.757142857142
1264,42.2628571428577
1265,42.0314285714325
1266,41.8228571428597
1267,38.1828571428559
1268,34.442857142858
1269,29.6028571428571
1270,30.0885714285701
1271,32.860000000002
1272,37.2428571428536
1273,38.9428571428565
1274,35.1971428571414
1275,33.4057142857142
1276,34.7114285714313
1277,39.2599999999991
1278,39.8028571428556
1279,39.0171428571412
1280,37.2228571428583
1281,37.9142857142855
1282,37.3028571428571
1283,33.9914285714287
1284,33.8771428571476
1285,36.3285714285725
1286,37.7914285714302
1287,33.3057142857142
1288,28.7771428571446
1289,29.1685714285719
1290,35.654285714282
1291,41.8142857142811
1292,41.9228571428554
1293,40.0028571428556
1294,37.3342857142852
1295,34.4514285714293
1296,31.928571428571
1297,31.071428571429
1298,33.2114285714284
1299,35.6485714285707
1300,38.3628571428562
1301,37.9571428571435
1302,38.2685714285763
1303,39.0685714285719
1304,40.0657142857162
1305,38.1285714285725
1306,33.6600000000006
1307,30.671428571429
1308,29.7342857142867
1309,31.325714285711
1310,29.7428571428551
1311,29.4914285714287
1312,30.1857142857145
1313,33.7057142857142
1314,36.3314285714267
1315,36.7199999999983
1316,35.2999999999956
1317,32.3028571428571
1318,32.9457142857165
1319,34.2171428571426
1320,36.114285714287
1321,35.9400000000009
1322,35.5799999999988
1323,35.8257142857183
1324,34.9514285714307
1325,34.0485714285693
1326,36.2828571428545
1327,40.7942857142785
1328,43.811428571427
1329,40.1314285714296
1330,35.0657142857177
1331,34.0142857142899
1332,36.8628571428577
1333,39.7514285714278
1334,39.9542857142849
1335,41.0571428571406
1336,42.1542857142849
1337,40.9657142857133
1338,38.3600000000035
1339,35.9314285714281
1340,37.1742857142861
1341,40.2800000000017
1342,43.3085714285742
1343,41.5485714285736
1344,35.3971428571371
1345,30.9885714285672
1346,29.2485714285722
1347,32.8828571428603
1348,37.2400000000009
1349,39.0285714285696
1350,36.8971428571385
1351,35.914285714284
1352,37.2971428571414
1353,39.0942857142873
1354,40.3371428571467
1355,37.6171428571441
1356,34.2942857142873
1357,34.3685714285719
1358,37.8457142857151
1359,41.3828571428574
1360,42.2571428571406
1361,39.4657142857119
1362,36.4085714285684
1363,36.4542857142849
1364,40.0228571428612
1365,42.9914285714287
1366,43.5914285714287
1367,42.342857142858
1368,40.2114285714299
1369,38.0999999999985
1370,35.368571428569
1371,35.8228571428554
1372,37.0399999999965
1373,37.2971428571414
1374,35.4142857142855
1375,33.5142857142884
1376,32.9514285714293
1377,35.6028571428586
1378,37.6714285714275
1379,38.3314285714281
1380,37.1600000000006
1381,35.4171428571455
1382,35.7942857142873
1383,37.6828571428574
1384,38.2542857142849
1385,36.2400000000009
1386,36.3885714285716
1387,39.9200000000026
1388,41.568571428569
1389,38.6742857142832
1390,35.928571428571
1391,37.8999999999956
1392,43.642857142858
1393,44.985714285713
1394,41.9285714285725
1395,38.3114285714313
1396,39.3885714285731
1397,41.3085714285742
1398,42.3114285714255
1399,42.6657142857148
1400,42.425714285711
1401,41.7657142857133
1402,41.1771428571432
1403,39.6542857142849
1404,39.0057142857157
1405,41.8600000000006
1406,45.114285714287
1407,46.1457142857136
1408,43.7114285714313
1409,41.4514285714307
1410,39.7800000000003
1411,38.6828571428559
1412,39.0057142857157
1413,41.8971428571444
1414,47.9028571428571
1415,49.0628571428562
1416,43.6228571428554
1417,38.8
1418,39.5657142857119
1419,44.0285714285667
1420,46.2914285714302
1421,46.30285714286
1422,44.7942857142873
1423,41.8857142857145
1424,39.7399999999965
1425,40.839999999998
1426,45.0571428571449
1427,43.9885714285716
1428,37.0257142857154
1429,31.8200000000012
1430,34.7571428571406
1431,42.0857142857116
1432,46.8599999999991
1433,45.8314285714267
1434,44.5971428571444
1435,43.1514285714322
1436,41.3971428571458
1437,38.9371428571438
1438,37.3685714285704
1439,38.7485714285693
1440,38.9257142857125
1441,39.014285714287
1442,38.4799999999988
1443,42.2399999999994
1444,45.9971428571429
1445,47.4542857142835
1446,46.1885714285701
1447,45.8685714285719
1448,49.1428571428551
1449,50.8771428571432
1450,45.9085714285684
1451,39.7028571428542
1452,37.6771428571432
1453,40.8428571428594
1454,45.6171428571441
1455,47.2542857142849
1456,43.9485714285693
1457,39.957142857142
1458,40.6171428571426
1459,44.1571428571406
1460,47.8371428571438
1461,49.5085714285728
1462,47.6628571428562
1463,43.8399999999994
1464,42.7057142857127
1465,44.1914285714302
1466,46.1542857142864
1467,44.5971428571429
1468,39.942857142858
1469,38.2342857142881
1470,42.6457142857151
1471,47.9171428571412
1472,47.6371428571423
1473,45.7885714285687
1474,44.3257142857139
1475,43.7342857142881
1476,41.6628571428577
1477,38.6685714285704
1478,40.0457142857107
1479,44.7799999999988
1480,47.8285714285739
1481,46.8057142857142
1482,46.8657142857133
1483,49.8942857142843
1484,53.785714285713
1485,54.4057142857157
1486,51.642857142858
1487,50.7885714285731
1488,51.7028571428586
1489,50.6742857142875
1490,47.3171428571412
1491,47.0714285714261
1492,48.6171428571426
1493,50.4114285714299
1494,48.8142857142884
1495,45.0685714285733
1496,39.2342857142867
1497,36.0771428571432
1498,33.9457142857151
1499,30.568571428569
1500,27.6485714285693
1501,26.0085714285713
1502,27.7457142857122
1503,31.0714285714275
1504,34.0599999999977
1505,33.4771428571446
1506,29.988571428573
1507,26.8714285714319
1508,27.7428571428623
1509,33.5057142857142
1510,41.3257142857168
1511,42.5628571428519
1512,37.7285714285681
1513,31.6914285714272
1514,29.2028571428586
1515,27.8942857142858
1516,26.4714285714275
1517,26.6228571428554
1518,26.7
1519,26.8028571428571
1520,27.3171428571426
1521,26.082857142853
1522,22.9514285714293
1523,20.9657142857133
1524,21.7657142857162
1525,26.3400000000023
1526,32.6114285714284
1527,34.8085714285742
1528,32.460000000002
1529,31.1657142857148
1530,34.0628571428621
1531,37.6799999999988
1532,41.728571428571
1533,43.1342857142852
1534,42.5828571428545
1535,44.8971428571444
1536,46.5228571428568
1537,44.3371428571409
1538,39.6514285714307
1539,37.3657142857148
1540,38.4628571428562
1541,41.9485714285664
1542,44.0285714285681
1543,44.3914285714302
1544,42.8285714285739
1545,40.1314285714325
1546,38.9171428571397
1547,40.8428571428522
1548,44.1142857142841
1549,46.0085714285728
1550,46.3685714285763
1551,45.5828571428574
1552,44.3342857142852
1553,43.4742857142817
1554,41.1085714285698
1555,38.4399999999994
1556,38.685714285713
1557,43.1371428571438
1558,50.1942857142829
1559,51.4200000000012
1560,46.7485714285722
1561,40.9371428571467
1562,39.7742857142846
1563,42.8228571428568
1564,43.1028571428556
1565,42.6085714285669
1566,39.5771428571403
1567,37.537142857135
1568,37.5514285714278
1569,39.1514285714336
1570,44.6600000000006
1571,45.2171428571455
1572,43.2399999999994
1573,38.4600000000035
1574,38.3771428571461
1575,41.5628571428562
1576,45.4000000000029
1577,47.3371428571409
1578,44.9971428571444
1579,44.0285714285739
1580,42.3885714285716
1581,42.9885714285716
1582,43.5199999999953
1583,42.1085714285669
1584,39.3742857142846
1585,33.9057142857142
1586,28.4371428571467
1587,25.434285714291
1588,28.0571428571391
1589,32.8342857142823
1590,33.3057142857142
1591,30.6257142857183
1592,28.2000000000058
1593,31.7314285714325
1594,36.6599999999977
1595,38.6628571428562
1596,37.6857142857101
1597,36.9028571428556
1598,38.357142857142
1599,40.1428571428551
1600,41.9228571428568
1601,43.5628571428562
1602,44.3399999999994
1603,45.5485714285722
1604,45.485714285713
1605,43.8714285714319
1606,43.3171428571455
1607,43.9457142857107
1608,44.885714285713
1609,43.7885714285687
1610,43.5628571428591
1611,45.0399999999965
1612,49.5171428571397
1613,53.3371428571438
1614,52.5228571428568
1615,48.8457142857194
1616,44.6285714285768
1617,42.8714285714261
1618,44.2171428571368
1619,47.9057142857084
1620,51.0914285714272
1621,50.1028571428644
1622,46.4714285714348
1623,42.6400000000052
1624,43.5342857142823
1625,48.2771428571432
1626,51.2828571428516
1627,49.7257142857095
1628,45.7114285714284
1629,47.9028571428615
1630,51.1714285714319
1631,52.5599999999977
1632,48.4828571428545
1633,44.3199999999983
1634,44.1857142857189
1635,44.9942857142858
1636,49.3199999999983
1637,53.6399999999994
1638,57.8114285714284
1639,57.5771428571461
1640,52.2057142857084
1641,48.1257142857095
1642,47.5599999999977
1643,50.8171428571426
1644,53.4085714285699
1645,52.2057142857171
1646,49.7657142857177
1647,47.9200000000041
1648,50.2771428571432
1649,51.0771428571403
1650,49.0200000000012
1651,47.7199999999983
1652,50.4085714285699
1653,54.0828571428545
1654,52.6800000000017
1655,46.962857142862
1656,44.9600000000064
1657,46.8685714285704
1658,48.9742857142846
1659,48.4228571428539
1660,48.3228571428539
1661,51.3714285714319
1662,53.785714285713
1663,53.2514285714307
1664,49.1914285714331
1665,46.0342857142881
1666,47.0257142857154
1667,49.5885714285716
1668,51.779999999993
1669,50.1057142857113
1670,47.6771428571461
1671,48.3114285714313
1672,53.8399999999994
1673,58.1514285714278
1674,56.5114285714255
1675,53.5542857142893
1676,51.4971428571414
1677,51.7314285714267
1678,50.0828571428603
1679,49.342857142858
1680,51.1885714285716
1681,53.5971428571444
1682,50.914285714287
1683,46.5628571428591
1684,46.9371428571409
1685,50.1542857142835
1686,53.9200000000012
1687,56.2285714285768
1688,57.2828571428603
1689,57.8028571428615
1690,57.1914285714331
1691,54.8828571428545
1692,52.9457142857107
1693,52.89428571428
1694,53.4914285714243
1695,53.5200000000012
1696,54.3057142857142
1697,54.1714285714319
1698,56.1971428571414
1699,56.8457142857136
1700,55.1800000000017
1701,49.8742857142875
1702,47.4457142857165
1703,50
1704,54.7200000000012
1705,58.9571428571449
1706,59.1942857142829
1707,58.4628571428562
1708,55.8942857142829
1709,56.9428571428551
1710,58.0342857142881
1711,58.7028571428586
1712,55.7028571428615
1713,53.9885714285716
1714,51.9685714285675
1715,53.7457142857107
1716,56.5057142857142
1717,59.3457142857224
1718,59.2771428571461
1719,55.9457142857107
1720,52.9828571428516
1721,52.1371428571438
1722,55.2085714285698
1723,57.2085714285757
1724,62.7342857142852
1725,65.1685714285646
1726,64.8428571428522
1727,59.6399999999936
1728,55.914285714284
1729,56.9171428571513
1730,58.4200000000041
1731,57.8057142857113
1732,54.385714285713
1733,55.4571428571391
1734,59.9542857142864
1735,65.071428571429
1736,67.6
1737,65.134285714291
1738,62.0742857142846
1739,58.7857142857159
1740,55.5657142857119
1741,51.4057142857142
1742,45.6057142857142
1743,43.1714285714319
1744,43.8257142857125
1745,44.2514285714191
1746,40.1057142857142
1747,34.534285714291
1748,32.2914285714331
1749,33.4342857142852
1750,36.5057142857142
1751,35.4542857142864
1752,36.1085714285728
1753,37.8942857142829
1754,38.4542857142864
1755,41.9228571428568
1756,47.7199999999953
1757,54.5057142857142
1758,56.4400000000023
1759,53.3457142857165
1760,49.9800000000017
1761,47.3542857142864
1762,45.8114285714284
1763,39.1914285714272
1764,33.4485714285693
1765,30.3342857142881
1766,24.2400000000023
1767,17.7600000000035
1768,9.22285714285681
1769,3.57142857142317
1770,3.66285714285623
1771,6.84857142856927
1772,9.42000000000116
1773,8.17999999999884
1774,8.97142857142608
1775,14.6485714285722
1776,24.5799999999988
1777,32.1742857142934
1778,30.985714285716
1779,28.2400000000023
1780,28.7457142857107
1781,32.9828571428545
1782,36.3399999999994
1783,42.285714285713
1784,49.562857142865
1785,55.2885714285745
1786,55.6399999999994
1787,51.6885714285687
1788,49.7199999999983
1789,51.4000000000029
1790,54.8342857142823
1791,55.9085714285699
1792,56.8571428571391
1793,57.657142857142
1794,54.3599999999977
1795,50.357142857142
1796,47.6685714285763
1797,48.0685714285733
1798,51.5171428571455
1799,54.9428571428522
1800,56.5857142857101
1801,56.7628571428591
1802,56.8314285714296
1803,55.3257142857183
1804,52.6799999999988
1805,50.5771428571403
1806,53.0285714285652
1807,54.5742857142788
1808,53.5685714285704
1809,50.4028571428586
1810,49.6285714285797
1811,52.3828571428603
1812,53.9657142857119
1813,53.1514285714278
1814,53.1857142857159
1815,56.9485714285751
1816,60.0142857142928
1817,58.3399999999965
1818,59.1857142857101
1819,61.0571428571391
1820,64.6285714285739
1821,65.1542857142864
1822,61.9742857142934
1823,59.5571428571449
1824,59.4685714285675
1825,60.9399999999965
1826,57.1542857142806
1827,53.6714285714348
1828,50.734285714291
1829,50.9228571428568
1830,47.0971428571444
1831,37.1657142857119
1832,26.5628571428562
1833,21.6171428571426
1834,23.0999999999971
1835,25.9771428571432
1836,27.6114285714284
1837,27.262857142865
1838,26.9257142857154
1839,25.6942857142858
1840,24.1771428571403
1841,24.3799999999959
1842,26.7057142857142
1843,32.8571428571391
1844,42.0200000000012
1845,49.1028571428615
1846,50.685714285713
1847,47.6742857142846
1848,45.0285714285681
1849,46.0542857142835
1850,49.542857142858
1851,51.4999999999971
1852,50.1057142857142
1853,48.0942857142858
1854,47.4257142857125
1855,50.8057142857142
1856,54.7428571428551
1857,53.50571428572
1858,47.2914285714331
1859,42.5599999999977
1860,42.2799999999988
1861,44.2742857142817
1862,42.9142857142811
1863,39.8228571428597
1864,38.0514285714307
1865,36.0685714285733
1866,35.1028571428527
1867,35.8142857142811
1868,43.385714285713
1869,49.9542857142893
1870,49.9828571428574
1871,46.2885714285716
1872,45.7914285714272
1873,49.5800000000017
1874,48.928571428571
1875,44.7428571428522
1876,43.2085714285698
1877,47.3857142857101
1878,54.242857142858
1879,55.0542857142922
1880,51.7771428571432
1881,50.1799999999988
1882,53.3399999999994
1883,56.714285714287
1884,57.6571428571449
1885,58.3742857142875
1886,58.1085714285669
1887,58.0971428571444
1888,53.9571428571449
1889,51.0342857142852
1890,52.1742857142875
1891,56.7942857142829
1892,59.8057142857113
1893,59.2371428571438
1894,60.7742857142875
1895,62.957142857142
1896,64.3514285714278
1897,59.4371428571438
1898,54.8371428571438
1899,54.7600000000035
1900,56.585714285713
1901,57.1000000000029
1902,55.6799999999988
1903,55.4971428571444
1904,57.314285714287
1905,60.6657142857119
1906,62.3914285714272
1907,64.8914285714302
1908,65.8685714285733
1909,62.9514285714307
1910,56.5257142857154
1911,51.5028571428586
1912,53.2628571428591
1913,59.7514285714307
1914,67.0628571428562
1915,66.1114285714284
1916,62.8000000000029
1917,60.6142857142899
1918,62.6685714285675
1919,69.3657142857148
1920,71.0028571428556
1921,71.1057142857171
1922,65.9942857142887
1923,59.8428571428522
1924,54.9428571428551
1925,53.4485714285693
1926,56.091428571436
1927,55.462857142862
1928,55.9000000000029
1929,55.7285714285739
1930,56.9314285714238
1931,56.428571428571
1932,54.9571428571391
1933,56.4542857142835
1934,58.29428571428
1935,58.3457142857165
1936,56.8600000000035
1937,56.0342857142881
1938,58.1685714285763
1939,59.8257142857183
1940,59.3085714285728
1941,58.9542857142835
1942,58.3742857142788
1943,59.157142857142
1944,62.0885714285716
1945,66.9657142857177
1946,66.1800000000017
1947,61.7257142857154
1948,56.1800000000047
1949,55.6542857142864
1950,58.4628571428533
1951,61.7685714285675
1952,62.7771428571403
1953,64.1342857142794
1954,65.2571428571391
1955,64.3971428571385
1956,62.7914285714272
1957,60.7457142857165
1958,59.5971428571444
1959,59.4485714285722
1960,61.348571428578
1961,62.762857142865
1962,63.2600000000006
1963,63.0571428571449
1964,62.3457142857165
1965,61.2342857142881
1966,63.0257142857154
1967,67.1542857142835
1968,72.2142857142811
1969,74.0599999999977
1970,70.3971428571473
1971,64.614285714287
1972,63.3571428571449
1973,67.9714285714261
1974,72.1399999999936
1975,71.2514285714278
1976,67.3114285714255
1977,65.8257142857154
1978,67.8314285714354
1979,70.3057142857171
1980,69.642857142858
1981,66.5514285714278
1982,65.3800000000017
1983,67.442857142858
1984,69.7485714285693
1985,68.9657142857206
1986,65.2914285714301
1987,61.9542857142864
1988,62.8399999999994
1989,66.3600000000006
1990,66.3514285714336
1991,65.2600000000006
1992,65.9999999999942
1993,69.6800000000017
1994,73.7400000000023
1995,72.7771428571461
1996,67.8371428571409
1997,63.7828571428487
1998,64.4399999999907
1999,71.1057142857142
2000,80.4342857142823
2001,84.3457142857078
2002,84.2400000000052
2003,82.8371428571496
2004,84.8542857142893
2005,89.3628571428621
2006,97.9171428571397
2007,106.699999999997
2008,114.439999999997
2009,117.062857142856
2010,114.294285714286
2011,109.865714285706
2012,101.831428571432
2013,87.8457142857136
2014,69.5199999999982
2015,50.1971428571444
2016,30.9657142857119
2017,12.1942857142858
2018,-7.17999999999593
2019,-24.2657142857148
2020,-38.2171428571426
2021,-50.7800000000047
2022,-61.534285714291
2023,-68.1057142857142
2024,-72.1885714285716
2025,-74.1342857142823
2026,-73.7057142857113
2027,-68.4485714285693
2028,-58.1514285714278
2029,-44.014285714287
2030,-30.1228571428597
2031,-18.0942857142829
2032,-8.8828571428603
2033,-3.32285714285681
2034,4.54571428571071
2035,17.0714285714319
2036,33.2114285714255
2037,46.3028571428586
2038,50.814285714287
2039,51.0085714285669
2040,49.2657142857148
2041,49.8628571428533
2042,52.0485714285751
2043,55.4457142857194
2044,57.2828571428574
2045,57.9657142857148
2046,60.8200000000012
2047,64.085714285716
2048,66.0285714285768
2049,63.2971428571414
2050,59.9285714285652
2051,61.7799999999959
2052,66.7285714285652
2053,70.6685714285733
2054,69.3942857142858
2055,63.4542857142864
2056,59.3828571428545
2057,59.7142857142841
2058,60.3200000000041
2059,58.2857142857072
2060,55.5028571428556
2061,57.0657142857119
2062,63.371428571429
2063,70.1514285714278
2064,72.6914285714331
2065,72.9571428571362
2066,69.3399999999994
2067,63.8914285714302
2068,60.085714285716
2069,60.1314285714354
2070,63.7771428571432
2071,68.7971428571414
2072,68.2571428571362
2073,61.7600000000006
2074,55.4885714285687
2075,53.5657142857148
2076,60.7485714285722
2077,69.5057142857142
2078,74.7171428571484
2079,71.942857142858
2080,65.3828571428574
2081,58.6142857142811
2082,57.6914285714243
2083,65.0542857142806
2084,71.0828571428574
2085,71.5057142857142
2086,68.9342857142852
2087,68.6571428571391
2088,75.5714285714319
2089,81.6285714285739
2090,86.3999999999971
2091,87.6685714285733
2092,89.9457142857136
2093,94.3971428571444
2094,98.1714285714319
2095,103.071428571423
2096,103.699999999997
2097,97.4028571428615
2098,81.7
2099,67.0085714285728
2100,57.685714285713
2101,48.2742857142817
2102,30.9085714285757
2103,7.37428571428463
2104,-11.4571428571362
2105,-19.9971428571444
2106,-23.1885714285716
2107,-27.3257142857125
2108,-31.6
2109,-31.7314285714296
2110,-25.6885714285774
2111,-13.5628571428591
2112,-1.89999999999418
2113,2.13428571428522
2114,2.63428571428813
2115,4.50571428571711
2116,12.1657142857119
2117,20.5114285714255
2118,25.5628571428533
2119,25.9600000000006
2120,27.1457142857194
2121,34.1485714285722
2122,43.8800000000017
2123,53.1714285714261
2124,55.0657142857148
2125,55.2057142857171
2126,53.5685714285762
2127,50.5514285714278
2128,46.5028571428556
2129,46.1542857142864
2130,51.0857142857189
2131,56.5400000000023
2132,61.037142857138
2133,64.9485714285693
2134,69.7314285714237
2135,68.7971428571414
2136,60.2485714285722
2137,52.20571428572
2138,52.3942857142887
2139,57.9428571428609
2140,60.7999999999971
2141,59.4371428571438
2142,58.6571428571391
2143,62.1
2144,63.3200000000012
2145,59.5457142857165
2146,55.320000000007
2147,56.7257142857125
2148,60.3257142857125
2149,59.5771428571403
2150,59.9628571428533
2151,63.0942857142916
2152,68.171428571429
2153,68.0885714285687
2154,62.7457142857136
2155,59.4542857142835
2156,61.7800000000017
2157,65.4628571428562
2158,63.0514285714278
2159,59.7942857142887
2160,60.3942857142829
2161,66.4857142857159
2162,71.9771428571461
2163,70.0314285714296
2164,65.265714285709
2165,59.9028571428556
2166,57.3342857142852
2167,55.8
2168,55.5200000000012
2169,58.7399999999965
2170,63.6171428571455
2171,65.2628571428562
2172,62.2257142857154
2173,58.7371428571496
2174,57.9771428571432
2175,61.5000000000029
2176,68.3542857142893
2177,71.857142857142
2178,67.728571428571
2179,62.6171428571455
2180,58.5228571428539
2181,61.0914285714302
2182,65.5114285714313
2183,69.8600000000035
2184,70.6742857142817
2185,70.4085714285698
2186,69.1542857142806
2187,64.7914285714272
2188,65.0285714285739
2189,66.8799999999959
2190,67.7914285714301
2191,64.7514285714249
2192,61.0628571428562
2193,60.5457142857136
2194,61.1885714285687
2195,62.4485714285722
2196,60.0485714285693
2197,58.1200000000012
2198,55.6085714285786
2199,56.1657142857177
2200,58.0914285714331
2201,61.4342857142823
2202,61.2599999999977
2203,57.3171428571484
2204,56.7971428571414
2205,54.542857142858
2206,54.9114285714342
2207,53.6828571428574
2208,57.3542857142922
2209,58.8142857142899
2210,58.9685714285646
2211,57.9342857142823
2212,59.7200000000012
2213,64.7342857142881
2214,65.1742857142817
2215,62.0599999999948
2216,58.7057142857171
2217,59.1
2218,62.2399999999994
2219,68.4314285714208
2220,72.4028571428557
2221,69.3200000000012
2222,60.6085714285728
2223,53.5514285714278
2224,55.6114285714313
2225,62.5142857142841
2226,66.8771428571432
2227,67.2542857142893
2228,66.7628571428533
2229,66.5142857142899
2230,63.3085714285786
2231,60.3428571428609
2232,62.0142857142899
2233,66.6057142857113
2234,71.0599999999948
2235,70.4171428571426
2236,66.9600000000035
2237,64.1714285714319
2238,61.2857142857159
2239,61.2
2240,61.3400000000052
2241,59.948571428578
2242,58.0857142857189
2243,60.6771428571403
2244,67.8142857142782
2245,73.1885714285658
2246,70.8885714285745
2247,64.1457142857194
2248,61.5514285714336
2249,66.1085714285728
2250,69.6114285714342
2251,69.914285714287
2252,68.9057142857142
2253,69.0885714285687
2254,70.3057142857113
2255,68.1057142857142
2256,62.5485714285605
2257,60.9685714285733
2258,64.40571428572
2259,68.1228571428597
2260,68.0685714285762
2261,68.5342857142823
2262,69.3028571428586
2263,69.6799999999988
2264,68.4028571428586
2265,63.5857142857189
2266,64.9057142857142
2267,68.8828571428574
2268,70.9799999999959
2269,66.1885714285658
2270,63.6171428571368
2271,63.2428571428551
2272,67.7714285714348
2273,71.4971428571444
2274,69.6399999999994
2275,64.5971428571443
2276,63.014285714287
2277,63.4514285714307
2278,66.3657142857148
2279,71.3628571428562
2280,72.714285714287
2281,70.7028571428586
2282,68.1314285714208
2283,70.8000000000029
2284,73.6714285714261
2285,74.4885714285687
2286,69.0314285714267
2287,65.737142857138
2288,65.8800000000076
2289,68.8628571428591
2290,68.871428571429
2291,66.7885714285687
2292,64.6942857142829
2293,62.7571428571478
2294,61.0685714285762
2295,62.5342857142881
2296,64.128571428571
2297,66.6514285714278
2298,69.6200000000012
2299,73.0485714285693
2300,74.2285714285768
2301,71.5085714285699
2302,70.3257142857096
2303,67.7400000000023
2304,65.2485714285693
2305,59.8485714285722
2306,55.2171428571426
2307,58.0342857142881
2308,62.2514285714336
2309,69.4942857142945
2310,71.8428571428609
2311,72.9857142857159
2312,72.0114285714226
2313,70.3628571428562
2314,70.4457142857136
2315,70.3800000000017
2316,72.2342857142881
2317,71.5085714285669
2318,71.6399999999994
2319,66.0971428571385
2320,62.0514285714307
2321,62.585714285713
2322,67.2600000000035
2323,69.1542857142835
2324,70.4342857142823
2325,69.8742857142846
2326,70.085714285716
2327,69.4971428571473
2328,68.9114285714342
2329,69.1028571428615
2330,70.9914285714331
2331,72.971428571429
2332,72.0885714285745
2333,74.1457142857136
2334,70.8714285714261
2335,68.0285714285652
2336,64.7085714285699
2337,64.357142857142
2338,66.2371428571409
2339,70.8742857142875
2340,76.0714285714319
2341,74.3142857142899
2342,67.3914285714272
2343,61.1800000000017
2344,61.5171428571426
2345,65.5971428571473
2346,67.9200000000041
2347,68.6714285714203
2348,70.5171428571397
2349,72.6057142857113
2350,72.6828571428603
2351,69.8914285714302
2352,68.2771428571403
2353,72.8199999999953
2354,77.8828571428574
2355,81.8571428571391
2356,79.7571428571391
2357,76.051428571422
2358,71.9828571428574
2359,70.7285714285739
2360,67.9742857142875
2361,65.4114285714284
2362,69.1857142857101
2363,74.0742857142846
2364,77.1828571428603
2365,73.3657142857148
2366,70.9800000000047
2367,68.7485714285722
2368,71.1885714285716
2369,71.4142857142811
2370,71.7399999999965
2371,70.6657142857206
2372,67.962857142865
2373,67.477142857149
2374,73.7542857142835
2375,82.414285714284
2376,81.4428571428551
2377,72.2428571428609
2378,63.2828571428574
2379,64.7942857142829
2380,73.2971428571414
2381,77.2085714285699
2382,75.7971428571502
2383,73.0285714285827
2384,71.5171428571426
2385,69.7571428571391
2386,68.9457142857107
2387,70.6057142857113
2388,72.857142857142
2389,71.0999999999971
2390,68.2628571428591
2391,70.228571428571
2392,77.5171428571484
2393,79.4714285714377
2394,73.9457142857107
2395,66.3342857142881
2396,64.6742857142846
2397,70.5914285714302
2398,69.5200000000012
2399,54.8028571428527
2400,31.6114285714255

