0,128.9
1,275.322857142857
2,401.848571428571
3,437.214285714286
4,379.654285714286
5,282.677142857143
6,195.811428571429
7,131.54
8,82.52
9,48.7828571428568
10,27.4114285714285
11,13.942857142857
12,2.23999999999996
13,-13.8028571428571
14,-34.4485714285714
15,-55.9199999999999
16,-67.7000000000001
17,-63.1771428571429
18,-59.28
19,0.477142857143008
20,449.128571428572
21,2011.91142857143
22,4582.18
23,6837.94571428571
24,7102.34
25,5152.64
26,2449.3
27,585.6
28,-15.1828571428581
29,-50.8542857142857
30,1.14857142857145
31,7.27595761418343E-13
32,7.27595761418343E-13
33,7.27595761418343E-13
34,7.27595761418343E-13
35,7.27595761418343E-13
36,7.27595761418343E-13
37,7.27595761418343E-13
38,7.27595761418343E-13
39,7.27595761418343E-13
40,-2.50285714285637
41,21.5657142857155
42,15.9057142857164
43,-154.488571428569
44,-559.78
45,-1088.86857142857
46,-1503.62285714286
47,-1663.20571428571
48,-1607.46857142857
49,-1482.01428571429
50,-1353.73714285714
51,-1229.4
52,-1120.28285714286
53,-1027.03714285714
54,-949.645714285714
55,-881.714285714285
56,-815.994285714285
57,-754.937142857143
58,-699.337142857143
59,-646.56
60,-592.105714285715
61,-538.425714285714
62,-487.717142857143
63,-437.414285714286
64,-389.291428571428
65,-346.125714285714
66,-313.882857142857
67,-289.797142857143
68,-268.485714285715
69,-245.317142857143
70,-222.06
71,-203.814285714286
72,-191.831428571428
73,-183.98
74,-173.971428571428
75,-161.628571428571
76,-149.745714285714
77,-142.785714285714
78,-137.542857142858
79,-132.48
80,-124.837142857143
81,-115.831428571429
82,-107.357142857143
83,-100.785714285714
84,-96.1942857142854
85,-89.6628571428571
86,-82.3285714285712
87,-75.5542857142858
88,-74.6857142857145
89,-76.6599999999999
90,-76.7428571428565
91,-71.2542857142853
92,-62.605714285714
93,-55.8542857142857
94,-52.2657142857144
95,-53.0142857142861
96,-53.2400000000003
97,-50.977142857143
98,-46.6171428571428
99,-42.4342857142854
100,-38.7085714285713
101,-37.5371428571429
102,-37.6571428571429
103,-37.8028571428573
104,-36.6628571428575
105,-34.04
106,-31.1171428571428
107,-27.7342857142856
108,-25.9171428571428
109,-24.3514285714282
110,-23.6942857142853
111,-20.4514285714286
112,-17.5999999999996
113,-17.3742857142859
114,-19.4400000000003
115,-21.44
116,-19.3514285714291
117,-17.6571428571426
118,-17.3685714285715
119,-19.0971428571429
120,-19.1914285714285
121,-18.6657142857141
122,-18.2199999999997
123,-16.4857142857139
124,-15.5514285714287
125,-13.2457142857147
126,-12.3657142857144
127,-11.6114285714284
128,-10.3400000000001
129,-7.98285714285685
130,-5.40571428571438
131,-2.22571428571446
132,2.82571428571428
133,5.96571428571442
134,7.52571428571409
135,7.18285714285739
136,7.5942857142858
137,6.62285714285717
138,2.88000000000011
139,-3.36285714285696
140,-10.2742857142855
141,-15.8257142857146
142,-21.4914285714287
143,-24.8800000000005
144,-26.6257142857145
145,-26.4428571428574
146,-26.3257142857146
147,-25.6171428571426
148,-24.2485714285713
149,-23.6971428571424
150,-24.7171428571424
151,-22.871428571429
152,-14.4914285714285
153,-1.98285714285721
154,8.82857142857156
155,10.6
156,7.65428571428547
157,3.99142857142851
158,2.57714285714319
159,1.90285714285746
160,0.0399999999994179
161,-3.53714285714304
162,-9.88571428571431
163,-15.5142857142861
164,-19.6514285714284
165,-20.4428571428572
166,-19.1628571428573
167,-19.0399999999998
168,-20.1999999999996
169,-21.2771428571426
170,-22.5257142857141
171,-25.0914285714285
172,-31.2857142857145
173,-39.4028571428573
174,-47.3485714285716
175,-54.4114285714289
176,-59.9028571428575
177,-65.3314285714283
178,-68.0085714285708
179,-69.6171428571428
180,-70.9714285714284
181,-72.5857142857145
182,-72.6542857142855
183,-68.4142857142855
184,-62.9600000000002
185,-57.2257142857146
186,-53.782857142857
187,-49.2771428571426
188,-42.2542857142858
189,-33.6828571428572
190,-27.3828571428574
191,-25.7142857142855
192,-25.5542857142858
193,-24.8685714285717
194,-21.8714285714286
195,-18.5085714285715
196,-13.2999999999998
197,-9.72571428571446
198,-8.32857142857138
199,-9.94571428571417
200,-10.2628571428571
201,-8.08857142857141
202,-6.77428571428609
203,-7.4028571428571
204,-9.93428571428576
205,-9.78285714285703
206,-8.57142857142844
207,-5.86000000000022
208,-4.32285714285717
209,-4.54857142857127
210,-5.86285714285714
211,-7.32285714285717
212,-6.69999999999982
213,-4.93142857142866
214,-3.76857142857152
215,-4.0085714285713
216,-4.03428571428558
217,-3.08571428571413
218,-1.96285714285714
219,-2.00285714285747
220,-3.15142857142891
221,-3.82285714285717
222,-3.11428571428569
223,-2.47142857142826
224,-2.56285714285714
225,-3.19142857142851
226,-3.70857142857094
227,-4.23428571428558
228,-5.66571428571406
229,-6.32000000000007
230,-4.88571428571449
231,-2.38000000000029
232,0.428571428571195
233,2.02571428571428
234,3.05142857142873
235,1.62000000000044
236,-1.42285714285717
237,-4.85428571428583
238,-6.14857142857145
239,-3.46571428571442
240,-0.939999999999782
241,0.66857142857134
242,-0.982857142857392
243,-2.87428571428572
244,-3.4914285714287
245,-2.99142857142851
246,-1.63999999999996
247,-0.699999999999636
248,-0.582857142857029
249,-2.14285714285707
250,-3.07714285714319
251,-1.84000000000015
252,0.88571428571413
253,2.78285714285703
254,1.33714285714304
255,-3.18857142857141
256,-7.03714285714268
257,-7.37428571428572
258,-4.11428571428587
259,-0.397142857142899
260,0.897142857143262
261,0.562857142857138
262,-0.305714285714566
263,-0.640000000000146
264,-1.92285714285754
265,-3.0428571428567
266,-3.42857142857119
267,-2.93142857142884
268,-2.87142857142862
269,-4.1542857142862
270,-3.47142857142862
271,-2.1028571428571
272,0.982857142857574
273,2.50000000000018
274,2.53142857142866
275,1.1342857142854
276,0.862857142856956
277,0.265714285714057
278,-2.85714285714293
279,-5.80285714285692
280,-7.18857142857087
281,-5.09142857142815
282,-2.5057142857142
283,-0.660000000000036
284,-0.71428571428587
285,-1.77714285714301
286,-4.40571428571457
287,-6.46000000000022
288,-5.26285714285732
289,-3.45999999999985
290,-3.83142857142811
291,-5.67428571428536
292,-5.47714285714283
293,-3.01142857142913
294,-1.04571428571471
295,-2.29142857142851
296,-3.96857142857134
297,-3.67714285714283
298,-1.17428571428572
299,0.665714285714057
300,0.508571428571304
301,-1.25714285714239
302,-2.35142857142855
303,-0.774285714285907
304,0.708571428571486
305,0.191428571428514
306,-3.4057142857142
307,-5.55428571428583
308,-5.87142857142899
309,-3.95142857142873
310,-2.19142857142851
311,-1.11714285714279
312,-0.374285714285907
313,-1.34285714285725
314,-1.93142857142848
315,-2.61142857142841
316,-0.914285714285324
317,0.71428571428587
318,1.35999999999985
319,-0.982857142857029
320,-3.95714285714294
321,-4.60000000000018
322,-2.44857142857145
323,2.15428571428565
324,3.91142857142859
325,2.84285714285706
326,-1.72000000000007
327,-4.50000000000036
328,-5.24285714285743
329,-2.21428571428551
330,1.42857142857174
331,1.98571428571468
332,1.6
333,-0.320000000000255
334,-0.808571428571304
335,-1.54571428571435
336,-0.994285714285616
337,-0.748571428571449
338,-0.780000000000291
339,-1.02857142857138
340,-0.539999999999964
341,1.32857142857156
342,2.31428571428587
343,1.94000000000015
344,-0.297142857142899
345,-0.494285714285797
346,1.15714285714257
347,3.20857142857149
348,3.81142857142877
349,2.83714285714286
350,0.905714285714566
351,-1.23428571428576
352,-0.78285714285721
353,0.797142857142899
354,1.75714285714257
355,0.0285714285715585
356,-2.77428571428591
357,-3.01714285714315
358,-0.602857142857283
359,2.02857142857156
360,1.17142857142881
361,-0.728571428571195
362,-1.59999999999982
363,-0.568571428571704
364,0.139999999999964
365,0.0799999999997453
366,0.41714285714279
367,1.32285714285736
368,3.21714285714297
369,3.15142857142873
370,1.75714285714312
371,0.211428571428769
372,-0.371428571428441
373,-1.33999999999978
374,-2.42285714285717
375,-2.95714285714275
376,-1.46571428571424
377,1.34857142857127
378,2.07428571428572
379,0.934285714285579
380,-0.134285714285579
381,0.885714285714494
382,1.18571428571431
383,0.117142857142608
384,-1.82857142857174
385,-2.33714285714304
386,-1.52285714285717
387,-0.0199999999998909
388,1.67714285714283
389,2.4914285714287
390,1.16571428571442
391,-2.10857142857149
392,-3.2085714285713
393,-2.22857142857174
394,-0.0914285714285143
395,0.171428571428623
396,-1.42285714285717
397,-2.4114285714284
398,-1.82571428571428
399,0.891428571428514
400,3.52285714285699
401,4.3028571428571
402,2.33999999999996
403,1.00571428571457
404,1.98857142857141
405,3.36000000000004
406,3.7399999999996
407,2.67428571428572
408,2.72571428571428
409,2.16571428571442
410,-0.782857142857029
411,-4.51428571428605
412,-2.93714285714286
413,2.49428571428598
414,5.60571428571402
415,3.5971428571429
416,0.451428571428369
417,1.15428571428565
418,3.41428571428587
419,2.70285714285747
420,-0.302857142857283
421,-0.937142857143044
422,0.534285714285397
423,2.78857142857159
424,2.28571428571449
425,0.428571428571559
426,-2.38571428571431
427,-2.70571428571475
428,0.134285714285761
429,2.77428571428554
430,3.53142857142866
431,1.92000000000007
432,1.65428571428565
433,1.53428571428558
434,0.834285714286125
435,-0.445714285714166
436,-0.668571428571158
437,1.56571428571424
438,3.1028571428571
439,3.31714285714279
440,2.28571428571395
441,1.46000000000004
442,0.794285714285797
443,1.81714285714315
444,3.02000000000044
445,3.96571428571442
446,4.14000000000015
447,4.32857142857119
448,4.05714285714275
449,3.06857142857134
450,2.39714285714272
451,1.64285714285725
452,2.79714285714253
453,2.54000000000015
454,2.22285714285717
455,1.54285714285706
456,1.96000000000004
457,2.50285714285728
458,2.78571428571431
459,3.63714285714304
460,4.14857142857127
461,3.61142857142841
462,0.81714285714279
463,0.00571428571456636
464,1.56571428571442
465,3.95142857142837
466,3.91428571428551
467,2.73714285714268
468,2.21142857142859
469,2.18285714285739
470,2.42857142857156
471,1.67428571428536
472,1.03714285714268
473,0.0742857142855428
474,0.674285714286089
475,2.39428571428616
476,5.46857142857152
477,7.26571428571424
478,7
479,5.43428571428576
480,3.03428571428576
481,1.63142857142848
482,1.62857142857156
483,3.94857142857163
484,4.87142857142844
485,4.34571428571417
486,3.28571428571413
487,4.05428571428602
488,7.41714285714315
489,10.9485714285714
490,12.1285714285714
491,9.46000000000004
492,6.36285714285714
493,5.41999999999971
494,7.25142857142855
495,8.03714285714304
496,5.75142857142891
497,2
498,0.128571428571195
499,1.67714285714283
500,3.42571428571428
501,4.14285714285743
502,4.03142857142866
503,4.03428571428558
504,3.51428571428569
505,2.9428571428567
506,3.44285714285706
507,4.10285714285728
508,5.58857142857123
509,8.20571428571438
510,11.2342857142856
511,11.8142857142857
512,8.11428571428587
513,3.1057142857142
514,2.2971428571429
515,4.83142857142884
516,6.30571428571475
517,3.4914285714287
518,-2.04857142857145
519,-8.28571428571468
520,-12.1828571428574
521,-11.4342857142858
522,-7.80857142857149
523,-2.20285714285692
524,2.30000000000018
525,7.43142857142866
526,14.5657142857142
527,25.262857142857
528,36.6171428571428
529,44.8314285714287
530,48.0228571428568
531,44.8799999999999
532,37.1514285714286
533,25.1142857142857
534,10.7228571428574
535,-3.74000000000015
536,-15.9885714285714
537,-27.762857142857
538,-39.0857142857143
539,-48.2742857142857
540,-54.7485714285715
541,-58.1200000000003
542,-60.4542857142857
543,-58.6714285714284
544,-52.8085714285713
545,-43.5857142857143
546,-35.6285714285716
547,-30.6257142857141
548,-26.5657142857141
549,-22.9542857142855
550,-16.9742857142861
551,-11.4914285714289
552,-7.17142857142862
553,-6.33999999999996
554,-5.97428571428572
555,-4.04000000000033
556,-1.13714285714323
557,0.402857142857101
558,-1.76000000000004
559,-2.8085714285713
560,-1.51142857142841
561,1.70571428571457
562,1.08285714285739
563,-2.37142857142862
564,-4.9971428571429
565,-4.44571428571435
566,-2.04571428571417
567,-1.29428571428598
568,-1.09714285714308
569,-0.548571428571449
570,2.48000000000029
571,4.3914285714287
572,5.1
573,3.89428571428562
574,1.74857142857145
575,-1.05999999999985
576,-2.16285714285696
577,-0.177142857143008
578,2.6028571428571
579,5.43428571428558
580,4.64285714285725
581,2.5942857142858
582,0.685714285714312
583,0.697142857143081
584,1.1914285714287
585,1.50285714285728
586,2.12571428571409
587,1.84571428571417
588,1.94571428571398
589,1.28857142857123
590,1.68571428571431
591,2.32000000000007
592,2.12285714285754
593,1.03714285714323
594,1.33428571428594
595,3.21714285714315
596,4.42285714285717
597,3.53714285714232
598,0.651428571428369
599,-0.5
600,1.62571428571446
601,6.97428571428572
602,9.36285714285714
603,5.35714285714293
604,-2.62285714285699
605,-7.73428571428576
606,-5.16000000000004
607,0.877142857143008
608,6.11142857142877
609,7.48000000000029
610,6.52857142857156
611,3.53142857142866
612,-0.0914285714286962
613,-1.02285714285736
614,0.197142857142717
615,1.12285714285736
616,0.682857142857392
617,0.462857142857501
618,1.44285714285706
619,3.67142857142844
620,4.93142857142866
621,5.51428571428569
622,5.02571428571446
623,3.43714285714286
624,1.47142857142881
625,-0.0914285714285143
626,-0.38571428571413
627,-0.737142857143044
628,0.997142857142899
629,3.43142857142848
630,5.92571428571446
631,5.47142857142862
632,3.05428571428565
633,1.72857142857138
634,1.47999999999975
635,2.1085714285713
636,2.02000000000007
637,3.32571428571464
638,3.03428571428613
639,2.45714285714294
640,1.25714285714257
641,1.25142857142837
642,1.76857142857152
643,1.4942857142858
644,2.48571428571431
645,4.33999999999978
646,6.46285714285732
647,5.29142857142833
648,3.17999999999975
649,2.37142857142826
650,3.21428571428569
651,3.8657142857146
652,2.94571428571435
653,2.31142857142841
654,2.53428571428594
655,3.8685714285717
656,3.99428571428562
657,4.38285714285703
658,3.24571428571435
659,1.97428571428591
660,0.44571428571453
661,0.448571428571267
662,2.29714285714253
663,4.18285714285666
664,4.6371428571425
665,2.25714285714294
666,1.33999999999996
667,0.780000000000473
668,1.70571428571438
669,1.92285714285754
670,2.22857142857156
671,1.97999999999993
672,2.0057142857142
673,1.08571428571413
674,-0.237142857142862
675,-1.16857142857152
676,-0.534285714285579
677,2.06571428571442
678,5.06000000000022
679,7.13999999999996
680,8.37714285714283
681,8.8085714285713
682,6.64857142857109
683,3.13999999999996
684,0.420000000000073
685,0.5
686,1.89142857142851
687,1.78285714285739
688,1.73428571428576
689,2.66285714285732
690,3.45428571428565
691,2.51714285714261
692,1.57142857142862
693,3.29142857142833
694,5.51142857142877
695,5.53714285714304
696,2.66857142857152
697,1.67142857142881
698,2.11999999999971
699,3.25714285714257
700,2.81428571428569
701,1.88571428571395
702,-0.314285714286052
703,-1.7028571428571
704,0.960000000000036
705,6.6628571428575
706,11.1
707,9.13428571428576
708,5.37999999999993
709,2.04571428571435
710,1.12571428571428
711,0.177142857142826
712,0.405714285714384
713,2.41428571428551
714,5.14000000000033
715,4.79714285714272
716,0.634285714285761
717,-1.49714285714308
718,-1.0028571428571
719,2.1914285714287
720,3.04857142857163
721,2.71999999999989
722,2.9971428571429
723,5.61428571428532
724,6.83428571428558
725,3.8942857142858
726,2.33142857142848
727,2.40571428571438
728,4.54571428571417
729,5.21714285714279
730,5.43428571428612
731,4.39142857142851
732,4.13714285714304
733,3.82857142857138
734,2.71142857142841
735,2.05714285714275
736,-0.157142857143117
737,-1.11714285714279
738,-1.49999999999982
739,1.00000000000018
740,3.22571428571428
741,6.28000000000011
742,6.32285714285717
743,3.25142857142873
744,0.525714285714275
745,-0.742857142857065
746,1.1914285714287
747,2.50000000000018
748,3.14857142857163
749,1.31142857142859
750,-0.131428571429024
751,-1.05428571428602
752,-0.285714285714676
753,1.74571428571435
754,3.95714285714294
755,5.68571428571431
756,6.16571428571442
757,4.69714285714308
758,2.05142857142891
759,1.73428571428576
760,2.9
761,3.88857142857123
762,2.28857142857159
763,1.04571428571453
764,0.448571428571267
765,0.171428571428623
766,0.214285714285506
767,1.12857142857119
768,5.59999999999982
769,8.37428571428572
770,7.26000000000022
771,3.62571428571446
772,1.64857142857163
773,2.49999999999982
774,3.47714285714264
775,3.85999999999985
776,2.85714285714257
777,4.16857142857134
778,4.80857142857167
779,2.84857142857163
780,-1.07428571428554
781,-1.90285714285728
782,2.4314285714283
783,7.35428571428638
784,7.05428571428583
785,3.24285714285706
786,1.89428571428562
787,4.5085714285713
788,7.78285714285703
789,7.02571428571446
790,4.74285714285706
791,3.11714285714261
792,3.67714285714301
793,2.81714285714261
794,2.43714285714286
795,1.73142857142866
796,2.00285714285728
797,5.00571428571475
798,7.6942857142858
799,7.76857142857116
800,3.30285714285692
801,0.46857142857134
802,0.862857142857138
803,4.97142857142881
804,6.05142857142873
805,2.75714285714294
806,1.8028571428571
807,3.68285714285721
808,6.84857142857163
809,6.2628571428575
810,4.34571428571471
811,2.22285714285736
812,1.59999999999982
813,1.29999999999982
814,-0.125714285714093
815,0.197142857142899
816,0.534285714285761
817,3.23428571428558
818,5.6342857142854
819,6.67142857142844
820,4.77714285714301
821,2.0971428571429
822,1.28285714285739
823,1.91428571428532
824,3.98857142857141
825,4.4685714285717
826,4.89999999999982
827,4.01142857142859
828,2.1057142857142
829,1.44571428571453
830,2.80857142857167
831,4.9028571428571
832,4.31999999999971
833,2.8971428571429
834,2.38000000000029
835,2.51142857142877
836,1.55142857142873
837,0.00571428571420256
838,1.55999999999985
839,5.18857142857123
840,7.39142857142833
841,6.39428571428562
842,4.15142857142891
843,1.93428571428576
844,0.759999999999854
845,0.791428571428332
846,3.28000000000011
847,6.53142857142848
848,7.77142857142844
849,5.18571428571413
850,1.24857142857145
851,-0.777142857142462
852,0.839999999999782
853,3.5057142857142
854,2.9885714285716
855,0.134285714285943
856,-2.52571428571446
857,-1.05714285714257
858,2.23428571428558
859,5.03999999999996
860,3.99714285714253
861,2.52571428571428
862,2.80285714285728
863,3.83428571428594
864,4.55142857142855
865,2.32857142857101
866,0.371428571428441
867,-0.0657142857144208
868,2.51714285714297
869,3.87428571428572
870,2.5314285714283
871,-0.0914285714285143
872,-2.67428571428554
873,-2.98285714285685
874,-2.16857142857152
875,0.308571428571486
876,1.96571428571424
877,3.18857142857123
878,3.57428571428572
879,4.21714285714297
880,4.49428571428562
881,3.25714285714294
882,0.634285714285579
883,-0.148571428571449
884,1.18285714285685
885,2.65714285714239
886,4.55714285714294
887,4.41999999999989
888,3.30285714285746
889,0.0542857142858338
890,-0.41714285714279
891,1.63428571428594
892,4.26857142857134
893,3.08285714285757
894,-0.9399999999996
895,-1.64857142857127
896,1.18857142857159
897,6.32285714285699
898,9.23142857142848
899,9.25142857142873
900,5.24285714285725
901,1.05714285714257
902,-2.10571428571438
903,-1.1571428571433
904,3.29142857142851
905,7.5
906,8.88000000000011
907,5.03428571428594
908,1.40000000000036
909,0.254285714286016
910,3.70285714285747
911,7.08571428571413
912,7.58571428571413
913,4.57428571428572
914,0.922857142856992
915,0.948571428571631
916,2.94000000000051
917,4.36571428571442
918,2.35428571428547
919,1.45999999999985
920,3.74571428571417
921,8.83714285714304
922,10.2600000000004
923,7.8685714285717
924,4.11714285714261
925,0.965714285714057
926,-0.540000000000509
927,0.511428571427859
928,5.68000000000011
929,9.70857142857149
930,11.5342857142861
931,8.97142857142862
932,5.96285714285732
933,3.06857142857152
934,1.88857142857141
935,2.5057142857142
936,3.74285714285706
937,4.85999999999967
938,3.55714285714239
939,2.8028571428571
940,2.0085714285713
941,2.57714285714319
942,4.64285714285725
943,7.35142857142891
944,7.99142857142851
945,5.67428571428554
946,4.24000000000015
947,5.26857142857152
948,7.55142857142891
949,8.4914285714287
950,9.17142857142899
951,9.12000000000007
952,6.46285714285677
953,2.25999999999985
954,1.72857142857156
955,6.57142857142881
956,10.3685714285712
957,9.54285714285725
958,6.02285714285699
959,4.65142857142873
960,5.28285714285703
961,6.25142857142855
962,7.43714285714286
963,8.95714285714239
964,10.2485714285714
965,9.17714285714283
966,7.48285714285703
967,4.88571428571449
968,2.54285714285707
969,0.637142857142862
970,2.17142857142862
971,6.18000000000011
972,9.52857142857156
973,10.2600000000002
974,6.34857142857109
975,2.56857142857116
976,1.86857142857116
977,5.83999999999996
978,8.11999999999971
979,5.11142857142841
980,-0.465714285713875
981,-1.92571428571409
982,2.17428571428591
983,5.54571428571435
984,4.55428571428565
985,2.88857142857159
986,2.93714285714304
987,2.43142857142848
988,2.27999999999975
989,1.81714285714279
990,3.50857142857149
991,4.0057142857142
992,1.25714285714312
993,-2.80857142857149
994,-4.80000000000018
995,-2.3028571428571
996,0.385714285714312
997,2.3571428571433
998,-0.699999999999818
999,-6.34571428571435
1000,-9.56571428571479
1001,-7.69428571428598
1002,-3.81999999999989
1003,-3.74857142857145
1004,-6.9114285714284
1005,-9.14857142857145
1006,-7.49428571428598
1007,-6.67142857142862
1008,-7.09428571428562
1009,-8.38285714285721
1010,-7.50000000000018
1011,-6.80571428571438
1012,-6.7114285714284
1013,-6.66571428571424
1014,-5.99142857142815
1015,-4.83714285714268
1016,-5.6057142857142
1017,-3.9885714285716
1018,-0.708571428571486
1019,2.33142857142848
1020,1.86571428571424
1021,0.451428571428914
1022,-0.320000000000255
1023,-0.945714285714348
1024,-1.30857142857149
1025,-2.83714285714304
1026,-1.64285714285706
1027,-0.220000000000073
1028,0.928571428571195
1029,0.385714285714494
1030,-1.47428571428554
1031,-2.51714285714315
1032,-3.21714285714297
1033,-1.94285714285706
1034,-0.562857142856956
1035,2.11428571428569
1036,2.70571428571438
1037,1.61142857142822
1038,-0.0142857142858702
1039,-0.311428571428405
1040,2.50285714285747
1041,4.81714285714315
1042,3.67714285714264
1043,1.14571428571417
1044,1.19999999999982
1045,2.95428571428547
1046,5.06000000000022
1047,4.00857142857149
1048,1.57428571428609
1049,-0.420000000000073
1050,-0.928571428571195
1051,-0.628571428571377
1052,1.02000000000007
1053,3.87142857142862
1054,5.02571428571446
1055,5.17428571428573
1056,3.02857142857156
1057,2.78857142857123
1058,3.18571428571413
1059,3.2
1060,2.08285714285739
1061,4.28000000000011
1062,10.1142857142857
1063,11.8142857142857
1064,7.00857142857112
1065,-1.65142857142837
1066,-2.93428571428612
1067,2.1
1068,8.49142857142851
1069,8.60000000000018
1070,5.12285714285717
1071,1.89999999999982
1072,0.917142857143153
1073,3.09428571428562
1074,6.56571428571424
1075,10.1514285714282
1076,8.88571428571413
1077,5.91428571428587
1078,3.09999999999964
1079,4.54857142857163
1080,7.34571428571417
1081,8.54285714285706
1082,8.1571428571433
1083,5.05714285714275
1084,3.23142857142884
1085,1.27428571428591
1086,2.01428571428587
1087,3.11428571428569
1088,4.8
1089,5.73142857142866
1090,4.82285714285681
1091,3.82285714285699
1092,3.23428571428522
1093,5.78285714285703
1094,8.42285714285772
1095,8.55714285714366
1096,5.80000000000036
1097,3.26571428571424
1098,3.77428571428554
1099,7.15428571428529
1100,9.68571428571413
1101,8.16571428571442
1102,4.60571428571438
1103,1.06285714285714
1104,1.22285714285699
1105,4.41142857142877
1106,7.36571428571424
1107,7.5057142857142
1108,5.83428571428594
1109,5.0885714285716
1110,4.71142857142859
1111,4.81428571428551
1112,3.95999999999985
1113,4.30000000000018
1114,5.16571428571442
1115,6.27428571428591
1116,6.3571428571433
1117,6.85714285714312
1118,8.48285714285739
1119,11.2
1120,12.0114285714284
1121,9.84285714285707
1122,4.85714285714257
1123,-0.391428571428696
1124,-0.428571428571559
1125,4.41714285714297
1126,10.1800000000003
1127,10.6285714285712
1128,7.68857142857159
1129,5.95714285714257
1130,6.8057142857142
1131,8.59142857142888
1132,8.46857142857152
1133,8.11142857142877
1134,6.30571428571438
1135,5.18571428571449
1136,5.39142857142851
1137,5.95428571428565
1138,7.38857142857123
1139,6.65428571428565
1140,5.23714285714286
1141,3.22571428571464
1142,1.94571428571435
1143,0.460000000000036
1144,0.657142857142753
1145,1.87714285714246
1146,2.54285714285743
1147,2.69714285714326
1148,2.36571428571442
1149,0.245714285714348
1150,-2.79714285714308
1151,-4.30571428571438
1152,-3.00285714285692
1153,0.197142857143081
1154,1.02571428571446
1155,0.41714285714279
1156,-3.44571428571453
1157,-6.42285714285717
1158,-8.00285714285692
1159,-7.5057142857142
1160,-6.07142857142844
1161,-5.52857142857138
1162,-3.62571428571428
1163,-3.4114285714284
1164,-2.27428571428554
1165,-3.10285714285674
1166,-2.86000000000004
1167,-3.30857142857203
1168,-5.9942857142858
1169,-7.56857142857134
1170,-5.89999999999964
1171,0.411428571428587
1172,4.3914285714287
1173,4.66285714285714
1174,0.52285714285681
1175,-2.55428571428602
1176,-3.66857142857134
1177,-1.63428571428522
1178,2.16571428571442
1179,3.12000000000025
1180,0.442857142857247
1181,-3.99142857142833
1182,-4.43714285714304
1183,-1.44000000000015
1184,1.86857142857152
1185,3.12571428571409
1186,2.22000000000007
1187,0.0685714285713402
1188,-2.50000000000018
1189,-1.90000000000018
1190,1.25142857142819
1191,4.69714285714326
1192,4.94857142857163
1193,3.44285714285743
1194,2.31142857142877
1195,0.76857142857134
1196,-1.87428571428609
1197,-3.57999999999993
1198,0.18285714285721
1199,6.56857142857134
1200,9.94571428571417
1201,7.29142857142833
1202,2.7057142857142
1203,-0.722857142856992
1204,-0.96857142857134
1205,-0.774285714285725
1206,-0.802857142856919
1207,-0.457142857142753
1208,0.962857142857683
1209,1.98857142857159
1210,1.84571428571398
1211,3.27714285714283
1212,4.30857142857149
1213,6.08000000000011
1214,7.58000000000011
1215,8.25714285714275
1216,7.46000000000004
1217,5.75999999999949
1218,3.75428571428547
1219,2.97999999999975
1220,3.35714285714293
1221,2.93142857142884
1222,2.62857142857174
1223,4.28857142857141
1224,6.07428571428518
1225,5.52285714285663
1226,3.43142857142848
1227,2.22285714285717
1228,3.08285714285739
1229,6.36857142857189
1230,7.39142857142888
1231,5.14285714285725
1232,3.71428571428532
1233,4.86000000000022
1234,6.80571428571438
1235,6.00000000000055
1236,3.65142857142837
1237,2.63999999999996
1238,4.92857142857156
1239,5.8399999999996
1240,3.53142857142866
1241,1.0085714285713
1242,1.72571428571446
1243,3.40857142857167
1244,4.59142857142851
1245,4.44285714285688
1246,5.14571428571398
1247,8.39142857142833
1248,9.31142857142877
1249,6.54000000000033
1250,1.35714285714312
1251,1.38000000000047
1252,5.43142857142848
1253,8.95428571428547
1254,5.73428571428558
1255,-0.354285714286016
1256,-1.92285714285681
1257,2.87142857142862
1258,8.14285714285725
1259,10.9028571428575
1260,10.9457142857142
1261,8.76285714285732
1262,7.11999999999971
1263,5.08000000000011
1264,4.82571428571409
1265,4.68857142857159
1266,5.29428571428562
1267,3.54571428571435
1268,1.36857142857152
1269,0.742857142856883
1270,1.81714285714279
1271,5.41714285714243
1272,7.2085714285713
1273,6.59428571428562
1274,3.54857142857163
1275,3.23142857142921
1276,5.76857142857189
1277,8.20857142857185
1278,8.27714285714283
1279,5.62285714285699
1280,4.36000000000004
1281,3.64285714285707
1282,5.27142857142844
1283,6.80285714285692
1284,8.04857142857181
1285,7.42571428571428
1286,4.88857142857159
1287,3.85142857142837
1288,4.13999999999996
1289,5.90285714285747
1290,7.6057142857142
1291,9.19428571428598
1292,9.01142857142877
1293,7.51142857142877
1294,6.33428571428558
1295,5.32285714285681
1296,4.14285714285707
1297,2.14285714285725
1298,2.03714285714304
1299,4.85428571428547
1300,10.0657142857142
1301,13.4542857142857
1302,14.2428571428572
1303,10.2714285714286
1304,4.58571428571431
1305,0.171428571428623
1306,-0.625714285714275
1307,1.03428571428558
1308,1.6342857142854
1309,0.81714285714279
1310,0.31714285714279
1311,3.52000000000025
1312,5.92285714285717
1313,6.41999999999989
1314,1.99428571428543
1315,-3.68857142857159
1316,-7.33428571428558
1317,-7.63714285714232
1318,-4.12857142857101
1319,0.514285714285688
1320,4.1485714285709
1321,4.58571428571413
1322,4.19428571428598
1323,4.24285714285725
1324,4.46571428571388
1325,2.60285714285692
1326,-0.305714285714748
1327,-1.1914285714287
1328,1.17714285714301
1329,4.72571428571464
1330,7.148571428572
1331,6.75714285714312
1332,3.0942857142858
1333,0.514285714285688
1334,-1.20285714285747
1335,0.0285714285715585
1336,2.67999999999993
1337,4.39428571428562
1338,4.80857142857149
1339,4.36857142857134
1340,3.85714285714239
1341,1.92857142857156
1342,0.928571428571195
1343,-1.48000000000011
1344,-2.06857142857134
1345,-1.18857142857159
1346,2.02857142857138
1347,5.32857142857138
1348,4.79142857142888
1349,1.18000000000011
1350,-2.02285714285717
1351,0.474285714285725
1352,3.93142857142866
1353,5.48857142857141
1354,3.14857142857127
1355,-0.174285714286088
1356,-1.13714285714323
1357,0.797142857142717
1358,4.69428571428598
1359,7.63142857142902
1360,7.90571428571438
1361,4.65428571428547
1362,1.59999999999982
1363,-1.17142857142881
1364,-1.43999999999996
1365,1.33714285714304
1366,6.37714285714301
1367,9.53142857142902
1368,8.25142857142873
1369,5.12285714285736
1370,2.49142857142833
1371,3.78285714285703
1372,5.19714285714272
1373,6.09142857142851
1374,5.41428571428569
1375,4.51142857142841
1376,3.48571428571413
1377,2.25714285714275
1378,1.71142857142859
1379,2.38571428571468
1380,4.64285714285743
1381,5.3085714285713
1382,4.4657142857146
1383,3.97714285714264
1384,5.1
1385,5.42285714285717
1386,3.30285714285674
1387,1.70571428571438
1388,2.36571428571424
1389,5.68857142857178
1390,7.14000000000015
1391,5.58285714285703
1392,5.25428571428602
1393,7.19142857142906
1394,8.87142857142899
1395,7.58285714285703
1396,4.24857142857109
1397,1.08571428571413
1398,0.728571428571559
1399,2.78000000000047
1400,4.43999999999978
1401,5.11142857142841
1402,4.57714285714228
1403,4.2114285714284
1404,5.47428571428554
1405,6.88857142857141
1406,5.89714285714308
1407,3.12285714285736
1408,0.828571428571195
1409,3.30285714285728
1410,7.70571428571457
1411,9.46000000000004
1412,7.8342857142854
1413,5.07142857142826
1414,5.65428571428547
1415,7.16285714285714
1416,6.78857142857141
1417,3.11142857142822
1418,1.10571428571457
1419,1.47714285714301
1420,2.65714285714312
1421,3.85142857142837
1422,5.16571428571424
1423,7.03999999999978
1424,6.82857142857156
1425,3.80571428571457
1426,1.33142857142884
1427,2.7057142857142
1428,5.92285714285699
1429,8.81999999999989
1430,6.48857142857105
1431,2.93428571428576
1432,-0.145714285714166
1433,-0.960000000000036
1434,1.31714285714279
1435,4.54571428571398
1436,8.73999999999996
1437,10.7085714285715
1438,12.3171428571432
1439,10.3285714285717
1440,5.68571428571431
1441,1.25714285714294
1442,-0.134285714285761
1443,2.32857142857156
1444,6.91428571428587
1445,9.62571428571409
1446,10.3428571428571
1447,8.88571428571413
1448,6.0885714285716
1449,2.68857142857159
1450,1.05714285714312
1451,2.37428571428609
1452,3.56000000000022
1453,5.06285714285714
1454,5.99142857142851
1455,7.67714285714264
1456,9.02571428571391
1457,8.59428571428543
1458,6.40285714285728
1459,5.10285714285728
1460,4.53142857142884
1461,4.15714285714257
1462,2.77714285714283
1463,-1.06285714285732
1464,-3.82285714285736
1465,-2.14857142857127
1466,5.32857142857101
1467,13.2400000000001
1468,14.8799999999999
1469,10.1685714285712
1470,4.2314285714283
1471,1.95142857142855
1472,1.33714285714286
1473,1.73999999999996
1474,3.25142857142873
1475,5.01428571428569
1476,6.35999999999985
1477,5.58571428571431
1478,5.94571428571435
1479,7.61428571428605
1480,8.8628571428575
1481,7.32857142857119
1482,4.50285714285674
1483,3.02857142857138
1484,3.56857142857134
1485,4.48571428571449
1486,4.82857142857156
1487,6.28285714285685
1488,6.95999999999985
1489,6.2971428571429
1490,4.28571428571413
1491,4.04571428571398
1492,5.73142857142848
1493,8.55714285714275
1494,9.03714285714286
1495,7.41999999999953
1496,7.04857142857109
1497,7.08571428571431
1498,7.29714285714272
1499,4.27428571428591
1500,2.04285714285779
1501,2.73714285714268
1502,6.37142857142862
1503,7.38285714285703
1504,3.49999999999982
1505,1.74857142857181
1506,3.99142857142888
1507,8.84571428571435
1508,9.41428571428569
1509,7.39714285714272
1510,6.4399999999996
1511,6.29428571428543
1512,3.57999999999975
1513,-1.73428571428576
1514,-3.57142857142844
1515,0.625714285714639
1516,7.33999999999978
1517,11.6142857142857
1518,10.9857142857141
1519,7.29999999999964
1520,4.64857142857181
1521,4.76285714285714
1522,6.88285714285721
1523,7.67714285714301
1524,6.46857142857152
1525,2.63999999999996
1526,-1.12285714285717
1527,-1.86857142857134
1528,0.457142857142753
1529,5.44000000000015
1530,9.17999999999993
1531,9.97428571428554
1532,6.14857142857127
1533,3.92285714285717
1534,6.00571428571438
1535,10.0199999999999
1536,11.5342857142858
1537,7.69714285714272
1538,1.81142857142859
1539,-0.451428571428369
1540,1.94571428571435
1541,4.16857142857152
1542,5.53142857142848
1543,4.81428571428532
1544,4.40857142857149
1545,4.73142857142866
1546,6.37142857142881
1547,5.88285714285739
1548,4.72285714285717
1549,7.07428571428591
1550,8.55428571428583
1551,9.63714285714286
1552,7.78285714285703
1553,5.96285714285714
1554,3.86285714285732
1555,4.0628571428575
1556,5.82000000000007
1557,5.89142857142851
1558,5.87142857142862
1559,3.99714285714272
1560,4.29999999999982
1561,4.16285714285677
1562,3.27999999999956
1563,1.28285714285685
1564,1.8028571428571
1565,6.43714285714286
1566,9.08571428571468
1567,7.92857142857156
1568,3.43714285714286
1569,1.94571428571398
1570,3.49142857142851
1571,6.85142857142891
1572,8.58285714285812
1573,6.31714285714297
1574,5.81142857142859
1575,6.93428571428558
1576,8.81999999999971
1577,8.54285714285706
1578,7.7057142857142
1579,6.19999999999964
1580,5.44000000000015
1581,5.87142857142862
1582,5.48285714285703
1583,4.09999999999982
1584,2.71142857142859
1585,2.34285714285706
1586,3.28000000000011
1587,5.5885714285716
1588,8.61428571428587
1589,11.1800000000003
1590,10.0285714285714
1591,5.02571428571409
1592,-1.60285714285747
1593,-2.61714285714334
1594,3.47714285714246
1595,11.5257142857145
1596,14.5228571428579
1597,10.3285714285719
1598,3.99714285714326
1599,1.42000000000007
1600,3.58571428571449
1601,5.76000000000022
1602,6.28285714285739
1603,4.54857142857145
1604,3.46285714285732
1605,3.71999999999971
1606,6.35999999999985
1607,10.4799999999999
1608,13.6885714285712
1609,12.4914285714283
1610,5.63714285714341
1611,-0.474285714285361
1612,-1.37999999999993
1613,3.79142857142833
1614,9.03428571428521
1615,10.8399999999998
1616,8.30000000000036
1617,4.15142857142855
1618,1.48571428571449
1619,0.97714285714319
1620,3.1942857142858
1621,5.82571428571428
1622,8.88857142857123
1623,10.5914285714283
1624,10.0428571428576
1625,8.43142857142884
1626,4.92857142857138
1627,1.79714285714253
1628,-0.439999999999782
1629,1.99428571428616
1630,6.65999999999949
1631,9.89428571428543
1632,9.17714285714174
1633,6.50285714285747
1634,7.78285714285776
1635,9.23428571428558
1636,7.04571428571398
1637,1.75714285714166
1638,0.468571428571158
1639,3.80857142857203
1640,7.74571428571508
1641,7.83714285714304
1642,5.75714285714239
1643,5.974285714285
1644,6.9
1645,7.8942857142858
1646,7.09428571428616
1647,4.24857142857145
1648,0.9
1649,-0.0714285714286234
1650,3.26857142857116
1651,9.13142857142848
1652,14.2371428571427
1653,12.6028571428575
1654,6.71714285714333
1655,1.51428571428623
1656,1.4942857142858
1657,5.85714285714275
1658,9.45428571428529
1659,8.05999999999985
1660,3.64571428571435
1661,2.24857142857109
1662,4.73714285714304
1663,7.87999999999993
1664,5.60000000000036
1665,1.97142857142826
1666,0.111428571428405
1667,4.21714285714333
1668,9.80857142857167
1669,12.6028571428575
1670,10.137142857143
1671,5.93142857142811
1672,6.06571428571406
1673,7.98857142857123
1674,10.3800000000003
1675,5.29714285714363
1676,-3.62571428571464
1677,-9.20857142857239
1678,-4.73714285714341
1679,4.31714285714261
1680,10.7942857142865
1681,11.7228571428575
1682,10.2028571428571
1683,11.7228571428575
1684,15.137142857143
1685,16.8085714285717
1686,12.7285714285717
1687,6.81999999999971
1688,0.065714285714057
1689,-1.73428571428594
1690,-0.494285714285434
1691,2.72000000000007
1692,4.83714285714268
1693,5.54571428571398
1694,5.66571428571406
1695,5.81714285714297
1696,9.04571428571398
1697,11.128571428571
1698,11.6800000000003
1699,8.24000000000087
1700,5.78571428571486
1701,6.01428571428551
1702,9.59428571428507
1703,11.1971428571425
1704,8.76285714285696
1705,5.91428571428623
1706,2.84571428571471
1707,1.91428571428587
1708,1.99142857142833
1709,2.31714285714224
1710,2.1
1711,1.42571428571464
1712,2.25428571428602
1713,5.86571428571406
1714,11.2942857142851
1715,13.1257142857135
1716,11.3885714285716
1717,8.36571428571478
1718,5.74857142857145
1719,2.54857142857109
1720,0.314285714285506
1721,0.405714285714203
1722,3.31714285714334
1723,6.44571428571435
1724,5.76857142857116
1725,5.37428571428536
1726,5.06857142857152
1727,7.44000000000015
1728,8.45714285714312
1729,8.61428571428587
1730,7.3028571428571
1731,5.66857142857116
1732,6.64285714285761
1733,7.64571428571471
1734,8.19428571428616
1735,5.28285714285703
1736,3.32000000000007
1737,5.01714285714224
1738,8.88857142857123
1739,12.0485714285711
1740,11.911428571428
1741,8.56571428571479
1742,3.82285714285681
1743,0.757142857142753
1744,1.12857142857138
1745,3.74857142857145
1746,6.96285714285732
1747,8.66857142857116
1748,9.01999999999971
1749,8.2085714285713
1750,6.31142857142913
1751,5.09428571428616
1752,6.45999999999949
1753,7.21714285714261
1754,5.81999999999971
1755,4.61142857142841
1756,5.96571428571442
1757,8.5942857142858
1758,7.36857142857152
1759,3.45428571428602
1760,2.13428571428594
1761,6.53428571428594
1762,10.1657142857141
1763,9.06571428571369
1764,5.13999999999978
1765,5.66285714285696
1766,7.85428571428602
1767,9.62285714285754
1768,8.66000000000058
1769,8.14857142857108
1770,6.35714285714203
1771,1.57142857142862
1772,-2.81428571428587
1773,-1.49142857142797
1774,6.72571428571428
1775,10.8314285714285
1776,8.75999999999949
1777,4.03999999999942
1778,6.25714285714348
1779,10.8771428571428
1780,11.3914285714287
1781,5.19142857142797
1782,0.508571428571668
1783,3.92571428571428
1784,9.46285714285732
1785,11.3057142857146
1786,7.81999999999934
1787,5.71142857142913
1788,4.8
1789,3.07714285714283
1790,-1.87142857142862
1791,-6.16000000000095
1792,-2.86000000000022
1793,6.17999999999993
1794,15.3628571428573
1795,15.4942857142862
1796,11.7285714285721
1797,7.0914285714287
1798,6.13142857142921
1799,6.34571428571471
1800,5.33714285714304
1801,7.17999999999956
1802,8.05999999999985
1803,9.66285714285696
1804,8.87428571428572
1805,9.96285714285696
1806,11.1685714285712
1807,10.6428571428572
1808,7.28000000000029
1809,2.51428571428623
1810,1.32571428571391
1811,2.32857142857138
1812,4.35714285714312
1813,4.67428571428609
1814,3.58285714285812
1815,3.69142857142906
1816,5.33714285714268
1817,8.8799999999992
1818,11.0028571428567
1819,11.074285714285
1820,7.16571428571369
1821,2.93428571428558
1822,1.91428571428551
1823,4.52571428571428
1824,7.66857142857116
1825,10.1342857142856
1826,10.8285714285721
1827,8.83714285714341
1828,5.77999999999956
1829,5.68857142857123
1830,8.52571428571391
1831,10.1142857142855
1832,9.25428571428529
1833,7.26285714285696
1834,7.70285714285747
1835,6.75714285714384
1836,4.02571428571464
1837,1.05428571428565
1838,3.74857142857109
1839,6.95714285714239
1840,7.06285714285768
1841,5.32857142857138
1842,4.7028571428571
1843,5.44571428571398
1844,6.55714285714275
1845,9.55428571428602
1846,10.7799999999999
1847,8.71428571428623
1848,4.92571428571428
1849,2.25142857142782
1850,3.61142857142913
1851,5.88285714285703
1852,7.70571428571457
1853,7.94857142857181
1854,10.5999999999993
1855,10.5514285714289
1856,8.76571428571369
1857,5.09714285714253
1858,2.72285714285717
1859,2.48571428571449
1860,3.9028571428571
1861,6.16285714285732
1862,6.20857142857167
1863,8.24571428571471
1864,8.34857142857109
1865,9.03142857142848
1866,6.85999999999985
1867,5.06857142857189
1868,3.47714285714246
1869,3.75142857142855
1870,4.11142857142841
1871,5.75999999999985
1872,9.01428571428551
1873,9.44571428571435
1874,9.81428571428587
1875,9.17714285714283
1876,8.88285714285703
1877,5.37999999999993
1878,2.7
1879,3.02000000000044
1880,6.5057142857142
1881,9.75428571428602
1882,9.2142857142866
1883,8.37428571428572
1884,6.06571428571442
1885,5.11999999999971
1886,5.20571428571384
1887,8.55142857142855
1888,11.1342857142856
1889,9.24285714285761
1890,3.5885714285716
1891,-0.422857142857538
1892,1.11999999999971
1893,5.26285714285732
1894,11.4800000000003
1895,14.371428571429
1896,12.3828571428574
1897,6.5057142857142
1898,2.40857142857094
1899,2.70857142857167
1900,5.59714285714363
1901,7.83428571428594
1902,6.66857142857116
1903,3.88571428571413
1904,0.514285714286234
1905,-0.302857142856737
1906,2.1057142857142
1907,7.52857142857101
1908,13.2171428571426
1909,16.5028571428575
1910,14.6228571428568
1911,10.1085714285713
1912,6.4
1913,5.00000000000036
1914,6.93142857142921
1915,8.57142857142862
1916,9.77142857142862
1917,8.0057142857142
1918,5.84000000000015
1919,3.31999999999971
1920,2.58857142857123
1921,4.29428571428507
1922,7.15142857142855
1923,10.7514285714289
1924,12.6057142857138
1925,12.3114285714288
1926,7.93428571428522
1927,3.2828571428563
1928,1.7
1929,3.09428571428616
1930,7.4285714285721
1931,10.5342857142863
1932,10.6142857142859
1933,7.10285714285746
1934,5.12000000000007
1935,4.18571428571449
1936,5.5971428571429
1937,9.56000000000022
1938,12.2400000000001
1939,12.8771428571428
1940,9.02571428571391
1941,4.40571428571384
1942,0.499999999999636
1943,1.38857142857159
1944,3.76285714285696
1945,6.33999999999978
1946,8.8914285714287
1947,9.89714285714363
1948,7.44571428571508
1949,4.03714285714304
1950,2.88285714285666
1951,4.31999999999934
1952,7.65428571428565
1953,8.15142857142891
1954,7.98000000000029
1955,8.42285714285717
1956,9.62571428571428
1957,7.52571428571464
1958,5.05142857142855
1959,3.85714285714348
1960,4.63999999999978
1961,7.82571428571391
1962,9.5971428571429
1963,8.55428571428602
1964,5.98857142857159
1965,4.78857142857123
1966,6.15428571428529
1967,8.8028571428571
1968,8.55714285714312
1969,6.92285714285681
1970,6.20285714285747
1971,7.84571428571471
1972,7.76571428571442
1973,7.10285714285674
1974,8.17142857142862
1975,12.0314285714281
1976,12.9342857142859
1977,6.69999999999964
1978,-0.240000000000509
1979,-1.37142857142862
1980,4.274285714285
1981,8.99142857142906
1982,8.86857142857116
1983,8.9085714285724
1984,9.63142857142884
1985,10.9914285714291
1986,10.8600000000006
1987,7.62000000000007
1988,4.12571428571355
1989,0.89428571428507
1990,4.22000000000007
1991,7.71714285714261
1992,11.6685714285715
1993,11.4199999999993
1994,9.58285714285666
1995,9.49714285714326
1996,5.80000000000073
1997,3.55428571428602
1998,2.56000000000022
1999,3.39999999999964
2000,3.54571428571398

