0,6.96285714285714
1,44.3142857142857
2,140.64
3,268.814285714286
4,407.594285714286
5,585.374285714286
6,836.748571428571
7,1129.02857142857
8,1354.18
9,1405.68285714286
10,1252.86
11,978.745714285714
12,678.437142857143
13,436.951428571428
14,283.071428571429
15,183.608571428572
16,110.054285714286
17,45.7199999999997
18,2.90285714285674
19,-38.3742857142861
20,-73.982857142857
21,-101.071428571428
22,-115.425714285714
23,-125.391428571429
24,-129.62
25,-132.934285714286
26,-137.142857142858
27,-142.328571428572
28,-151.317142857143
29,-157.265714285714
30,-158.068571428571
31,-145.248571428571
32,-132.094285714285
33,-119.108571428571
34,-106.919999999999
35,-93.8657142857141
36,-78.7399999999998
37,-62.8285714285717
38,-48.7428571428578
39,-46.8057142857148
40,-59.8085714285713
41,-89.568571428571
42,-120.525714285714
43,-141.865714285714
44,-145.191428571429
45,-138.162857142857
46,-126.757142857143
47,-113.385714285714
48,-103.751428571429
49,-104.382857142857
50,-118.068571428572
51,-133.034285714286
52,-135.685714285714
53,-124.028571428571
54,-108.471428571429
55,-97.7514285714285
56,-91.9942857142856
57,-86.3657142857139
58,-80.8714285714288
59,-76.7542857142858
60,-74.5228571428575
61,-71.0771428571432
62,-66.3514285714284
63,-60.6371428571429
64,-54.4257142857146
65,-47.7628571428573
66,-42.177142857143
67,-39.0628571428571
68,-38.7371428571429
69,-38.5857142857143
70,-37.0428571428571
71,-34.3028571428569
72,-30.8685714285713
73,-25.5914285714285
74,-22.6971428571431
75,-21.7228571428575
76,-23.2028571428571
77,-22.9114285714282
78,-20.2771428571426
79,-19.2028571428573
80,-21.4114285714291
81,-25.6457142857145
82,-27.1428571428571
83,-26.8257142857139
84,-24.4199999999999
85,-21.8514285714287
86,-18.6771428571426
87,-16.5771428571426
88,-15.1028571428573
89,-16.5428571428571
90,-17.7800000000003
91,-18.1857142857141
92,-15.7914285714285
93,-12.2085714285713
94,-11.6171428571428
95,-13.2685714285717
96,-16.1342857142858
97,-12.6800000000003
98,-8.83714285714286
99,-7.26285714285714
100,-9.34571428571435
101,-9.67428571428573
102,-7.30571428571402
103,-4.26571428571424
104,-3.19714285714272
105,-4.54285714285743
106,-2.00285714285747
107,-3.36285714285714
108,-8.61428571428587
109,-16.222857142857
110,-19.0885714285714
111,-16.4628571428573
112,-9.63714285714286
113,-3.76000000000004
114,-1.17142857142844
115,1.33999999999996
116,1.57714285714246
117,0.422857142857538
118,-2.46857142857134
119,-2.93999999999978
120,-2.00571428571402
121,1.31428571428569
122,4.05142857142873
123,4.01142857142859
124,3.03714285714268
125,0.228571428571195
126,-0.577142857142826
127,-1.48000000000011
128,0.165714285714239
129,1.8028571428571
130,1.85714285714294
131,1.62571428571446
132,0.905714285714566
133,2.05714285714312
134,3.19142857142851
135,4.93999999999978
136,5.11999999999989
137,3.09142857142851
138,1.40285714285746
139,1.56285714285714
140,4.13142857142848
141,5.86857142857134
142,6.74571428571417
143,7.57428571428609
144,9.50285714285747
145,10.4314285714287
146,8.76857142857152
147,4.93714285714286
148,1.93999999999996
149,0.0485714285712675
150,-0.125714285714275
151,0.428571428571377
152,0.765714285714239
153,0.151428571428733
154,-2.28285714285703
155,-3.32857142857138
156,-1.6942857142858
157,2.57428571428572
158,6.30571428571438
159,7.87142857142881
160,6.13428571428558
161,4.35428571428565
162,4.88285714285703
163,7.61142857142841
164,8.66571428571406
165,6.88285714285703
166,3.93714285714304
167,3.1628571428575
168,6.26571428571442
169,7.97714285714301
170,7.85428571428565
171,7.61428571428587
172,8.23428571428594
173,8.64857142857145
174,9.1314285714283
175,9.44857142857127
176,8.11428571428569
177,6.95142857142855
178,5.20571428571457
179,5.15714285714293
180,5.92285714285699
181,6.15428571428565
182,7.94285714285706
183,9.12285714285736
184,8.94571428571417
185,7.41142857142822
186,7.53428571428558
187,9.6342857142854
188,11.0457142857145
189,11.0028571428573
190,8.73714285714286
191,7.75714285714257
192,7.06285714285714
193,6.89142857142851
194,9.0028571428571
195,10.7428571428571
196,11.4771428571428
197,12.1857142857141
198,11.9028571428569
199,12.0685714285715
200,12.1057142857142
201,13.2028571428575
202,12.6857142857145
203,11.7857142857145
204,12.0828571428572
205,13.0114285714284
206,15.3200000000003
207,15.477142857143
208,13.7000000000002
209,11.428571428571
210,11.9257142857139
211,14.8142857142855
212,16.2257142857143
213,13.4542857142858
214,9.15142857142837
215,9.51714285714297
216,16.3514285714287
217,21.362857142857
218,20.7371428571427
219,15.4371428571429
220,12.6485714285718
221,13.4771428571432
222,15.4114285714284
223,18.6685714285713
224,19.3971428571431
225,19.7685714285713
226,18.3714285714284
227,17.96
228,18.8485714285715
229,21.8457142857145
230,24.4857142857141
231,25.4399999999998
232,26.6799999999999
233,26.9285714285714
234,27.5571428571429
235,27.468571428571
236,28.2428571428572
237,29.8885714285716
238,32.6000000000004
239,31.0542857142864
240,26.305714285714
241,22.0199999999997
242,23.1085714285711
243,29.1457142857138
244,36.1799999999999
245,41.0771428571428
246,44.9571428571429
247,50.0057142857144
248,52.4428571428574
249,53.1285714285716
250,51.1657142857142
251,48.6542857142855
252,43.7799999999999
253,39.594285714286
254,36.0200000000003
255,30.8800000000001
256,28.2828571428568
257,26.1628571428568
258,24.5600000000002
259,22.3742857142861
260,17.8228571428575
261,14.222857142857
262,14.4057142857142
263,8.58285714285739
264,-8.71142857142877
265,-32.2085714285715
266,-48.7457142857144
267,-59.3228571428574
268,-66.8628571428571
269,-75.0542857142862
270,-86.8885714285714
271,-95.0742857142857
272,-102.742857142857
273,-103.351428571428
274,-96.5285714285716
275,-84
276,-70.177142857143
277,-58.7285714285714
278,-44.5485714285711
279,-30.245714285714
280,-16.5342857142858
281,-7.71142857142859
282,-2.44285714285725
283,2.22000000000007
284,6.77142857142862
285,11.6800000000001
286,11.3914285714283
287,8.70285714285692
288,6.64285714285725
289,9.08857142857159
290,13.6114285714288
291,13.6800000000001
292,11.3971428571429
293,7.93714285714286
294,8.66857142857116
295,11.217142857143
296,12.194285714286
297,11.9028571428573
298,10.0371428571429
299,9.19428571428525
300,9.30285714285692
301,10.6228571428566
302,11.4857142857143
303,12.2514285714286
304,13.2800000000001
305,13.1600000000004
306,11.3657142857144
307,9.9971428571429
308,11.3257142857139
309,14.2714285714283
310,13.8599999999997
311,9.8342857142854
312,8.29142857142888
313,11.0028571428573
314,15.0885714285714
315,15.5771428571426
316,12.2628571428573
317,10.2342857142858
318,11.4257142857145
319,14.3285714285712
320,14.3628571428571
321,11.8914285714285
322,9.77142857142844
323,12.2771428571426
324,14.5657142857144
325,13.537142857143
326,10.0085714285715
327,7.08285714285721
328,7.28285714285721
329,10.0114285714284
330,12.0142857142859
331,14.6885714285714
332,15.8085714285715
333,13.0857142857145
334,10.1828571428572
335,7.76000000000022
336,10.5114285714284
337,12.8571428571426
338,15.9942857142856
339,13.9199999999999
340,10.3199999999997
341,10.577142857143
342,10.5714285714288
343,13.288571428572
344,12.611428571429
345,14.1485714285713
346,15.2257142857145
347,16.6028571428573
348,15.5514285714284
349,12.9028571428571
350,12.1599999999999
351,9.82571428571409
352,9.45999999999967
353,9.73714285714304
354,11.9742857142857
355,11.2028571428573
356,11.8142857142855
357,13.3685714285712
358,15.3199999999999
359,14.5514285714287
360,14.7514285714289
361,16.0885714285714
362,18.0571428571429
363,18.8828571428574
364,17.2171428571428
365,15.7000000000004
366,15.5714285714284
367,14.9714285714288
368,12.5885714285714
369,13.3828571428568
370,11.6914285714285
371,10.0371428571425
372,10.0199999999999
373,11.6800000000001
374,13.6057142857146
375,14.6057142857147
376,12.3542857142858
377,8.61714285714224
378,10.2971428571425
379,15.0114285714282
380,19.7028571428573
381,20.2028571428573
382,15.1685714285717
383,9.22857142857138
384,4.88857142857141
385,6.42857142857138
386,12.7085714285713
387,18.8771428571432
388,19.5314285714285
389,15.4428571428565
390,13.4399999999998
391,13.3742857142855
392,14.3485714285715
393,10.9171428571428
394,9.89428571428525
395,12.7885714285712
396,14.2428571428572
397,14.4142857142855
398,14.945714285714
399,19.6142857142859
400,21.0028571428571
401,18.0628571428571
402,12.1771428571425
403,9.40285714285747
404,8.94571428571453
405,9.24857142857145
406,10.9714285714288
407,14.6171428571422
408,17.5799999999997
409,18.1085714285711
410,16.6571428571429
411,16.3485714285715
412,16.2057142857146
413,12.8514285714286
414,8.69714285714272
415,6.50571428571402
416,8.19714285714272
417,9.90285714285692
418,11.1000000000002
419,12.9114285714288
420,14.8800000000001
421,12.7314285714288
422,6.81142857142877
423,4.14285714285707
424,7.24857142857145
425,12.4514285714287
426,12.9057142857146
427,12.3685714285713
428,13.7314285714285
429,15.9028571428571
430,15.3571428571433
431,13.6857142857145
432,14.5657142857141
433,17.0571428571429
434,18.2942857142858
435,15.2971428571429
436,11.6057142857142
437,12.6599999999999
438,16.1857142857141
439,18.7028571428571
440,16.8914285714285
441,15.4514285714286
442,16.4057142857146
443,17.7114285714286
444,20.0799999999999
445,20.6485714285715
446,19.5314285714285
447,17.0742857142857
448,15.3285714285712
449,13.4485714285713
450,14.662857142857
451,14.5485714285714
452,15.9628571428577
453,16.5199999999999
454,16.077142857143
455,13.617142857143
456,11.3714285714284
457,13.8371428571432
458,16.6742857142861
459,24.2942857142858
460,27.3400000000003
461,24.3457142857142
462,19.5228571428572
463,16.1257142857143
464,17.9285714285714
465,19.5885714285714
466,23.1085714285717
467,25.9342857142856
468,27.2571428571431
469,24.2142857142857
470,21.54
471,24.4800000000001
472,28.9285714285708
473,25.737142857143
474,13.4371428571425
475,1.97428571428572
476,-1.23428571428558
477,6.78285714285685
478,14.7628571428571
479,19.0371428571429
480,23.1971428571433
481,30.011428571429
482,35.9914285714287
483,38.3799999999997
484,39.4428571428565
485,41.9285714285708
486,46.7028571428566
487,43.062857142857
488,22.9857142857145
489,-8.41428571428514
490,-37.6514285714282
491,-52.0142857142859
492,-42.8000000000004
493,-19.382857142857
494,1.77142857142826
495,10.1542857142857
496,6.63428571428558
497,2.38857142857159
498,4.00285714285747
499,14.8742857142861
500,28.2685714285715
501,44.0628571428573
502,63.4257142857139
503,91.2971428571422
504,126.154285714286
505,159.365714285714
506,176.531428571429
507,154.642857142857
508,83.0885714285712
509,-26.0142857142855
510,-128.611428571429
511,-186.845714285714
512,-186.12
513,-149.785714285714
514,-106.057142857143
515,-73.0914285714283
516,-59.205714285714
517,-52.0714285714288
518,-43.6142857142859
519,-29.2514285714287
520,-18.1914285714289
521,-13.3314285714287
522,-8.48857142857196
523,-4.15142857142855
524,1.95428571428583
525,3.94285714285706
526,6.6057142857142
527,12.8799999999999
528,15.6142857142857
529,15.1628571428573
530,12.8885714285718
531,11.4942857142858
532,12.017142857143
533,13.8485714285713
534,17.2285714285714
535,18.7057142857146
536,19.311428571429
537,19.0971428571433
538,17.3114285714288
539,17.7399999999998
540,17.6571428571428
541,19.4285714285714
542,19.7057142857142
543,16.2600000000002
544,10.9742857142857
545,8.55714285714275
546,9.42571428571427
547,10.6971428571425
548,10.4114285714284
549,8.68285714285703
550,9.69428571428543
551,12.6028571428575
552,15.3542857142857
553,12.7285714285717
554,10.9
555,13.8828571428574
556,20.5342857142859
557,22.9914285714283
558,13.3342857142856
559,1.77142857142862
560,-5.33142857142848
561,-4.01714285714261
562,0.534285714285579
563,6.97428571428572
564,11.2999999999993
565,13.2457142857136
566,12.5828571428574
567,11.3457142857147
568,14.6485714285718
569,19.7428571428569
570,25.0714285714283
571,22.5799999999999
572,17.0171428571426
573,14.1428571428569
574,19.0114285714284
575,23.8685714285715
576,24.8628571428573
577,23.2057142857142
578,19.8457142857151
579,17.1314285714296
580,10.7342857142859
581,7.14571428571398
582,8.55428571428492
583,14.5114285714288
584,18.7571428571431
585,17.2057142857146
586,10.5885714285712
587,-0.397142857143263
588,-5.78857142857196
589,-5.43714285714304
590,-1.91142857142804
591,-2.66571428571406
592,-11.9685714285712
593,-25.7514285714289
594,-45.4028571428575
595,-59.8114285714284
596,-66.7685714285715
597,-58.9971428571425
598,-40.9228571428572
599,-21.5885714285716
600,-5.37142857142862
601,2.40571428571384
602,6.44571428571398
603,4.93142857142884
604,3.83142857142921
605,2.0971428571429
606,-1.44000000000051
607,-3.01428571428623
608,-2.93428571428558
609,-0.639999999999782
610,0.79142857142906
611,-0.711428571428405
612,0.714285714285506
613,7.45142857142855
614,17.3485714285711
615,20.3800000000003
616,17.1714285714286
617,13.9685714285715
618,13.5399999999994
619,16.245714285714
620,15.5571428571431
621,13.6428571428576
622,11.2428571428576
623,10.082857142857
624,10.2485714285714
625,14.011428571428
626,19.7314285714277
627,21.591428571428
628,18.8314285714288
629,14.5085714285717
630,18.582857142857
631,26.8771428571425
632,32.8600000000002
633,31.6171428571441
634,29.2942857142862
635,31.1885714285716
636,36.9399999999998
637,43.3085714285713
638,45.9628571428577
639,43.6028571428571
640,31.6657142857141
641,11.6514285714282
642,-8.21142857142877
643,-18.0914285714287
644,-18.9828571428578
645,-20.0571428571431
646,-29.6199999999997
647,-49.1771428571421
648,-68.8228571428572
649,-82.0685714285712
650,-81.537142857143
651,-72.2428571428572
652,-55.6857142857145
653,-35.6342857142859
654,-18.4657142857137
655,-4.89999999999964
656,-0.93714285714268
657,2.14571428571435
658,2.12285714285681
659,3.03142857142775
660,1.42571428571428
661,-0.948571428571449
662,2.2085714285713
663,5.03714285714268
664,7.2914285714276
665,5.9114285714284
666,9.16000000000022
667,15.4342857142867
668,18.7428571428576
669,14.7542857142857
670,9.26571428571369
671,11.7514285714282
672,18.2542857142857
673,23.1828571428574
674,20.697142857144
675,12.8771428571428
676,5.26857142857152
677,1.33714285714232
678,2.71428571428551
679,6.76857142857189
680,12.3399999999994
681,16.7028571428571
682,18.417142857143
683,17.3600000000006
684,14.2514285714289
685,17.8085714285706
686,23.5457142857136
687,29.6514285714286
688,31.5714285714286
689,33.2257142857146
690,37.4400000000001
691,43.3685714285719
692,47.3057142857142
693,48.645714285714
694,47.4971428571425
695,43.7457142857144
696,36.5171428571426
697,23.6685714285715
698,6.21714285714261
699,-12.2114285714284
700,-28.7828571428567
701,-46.2857142857141
702,-61.0314285714288
703,-69.3200000000008
704,-66.0514285714285
705,-52.0942857142858
706,-32.3314285714285
707,-15.6714285714279
708,-3.56000000000022
709,1.70857142857167
710,2.17142857142862
711,2.61142857142877
712,4.02571428571428
713,4.79714285714217
714,3.3028571428571
715,-1.76285714285696
716,-6.00285714285747
717,-6.25714285714312
718,-1.84285714285725
719,4.21428571428623
720,9.54000000000087
721,14.2542857142853
722,16.0257142857139
723,17.6799999999999
724,15.3571428571428
725,11.9457142857143
726,9.83142857142884
727,9.05714285714348
728,11.8000000000007
729,15.788571428572
730,18.7028571428567
731,16.9799999999992
732,13.3714285714283
733,9.05714285714275
734,9.04571428571471
735,13.5085714285717
736,15.7885714285709
737,15.5171428571422
738,12.2371428571423
739,8.2057142857142
740,7.78285714285703
741,14.0742857142857
742,18.8942857142858
743,18.7199999999997
744,15.4914285714291
745,12.6857142857145
746,11.9600000000002
747,12.8257142857143
748,13.9057142857138
749,16.3828571428574
750,18.1171428571433
751,13.3057142857146
752,8.96571428571369
753,10.1599999999995
754,16.0571428571428
755,17.8485714285711
756,16.1
757,13.8599999999995
758,14.0485714285714
759,13.8171428571433
760,10.7314285714285
761,9.74285714285725
762,12.6857142857141
763,18.7171428571422
764,18.9657142857141
765,14.4771428571425
766,9.58571428571413
767,11.7799999999999
768,17.1085714285713
769,18.5771428571432
770,16.2314285714285
771,12.6057142857149
772,11.6000000000004
773,14.5085714285717
774,14.8914285714283
775,14.6914285714276
776,14.0714285714279
777,15.562857142857
778,16.0400000000005
779,14.0514285714289
780,11.9
781,7.61714285714297
782,10.888571428572
783,15.5342857142859
784,20.0485714285707
785,20.7399999999994
786,19.3399999999994
787,15.0342857142859
788,12.9228571428575
789,12.9200000000001
790,13.9342857142859
791,13.154285714286
792,12.1342857142856
793,10.7085714285709
794,8.41999999999971
795,12.7142857142859
796,17.0714285714294
797,20.6742857142861
798,20.9371428571434
799,16.7371428571434
800,11.8542857142853
801,10.0599999999988
802,12.1457142857136
803,16.1857142857141
804,19.9857142857149
805,19.1657142857144
806,17.0314285714288
807,18.7114285714291
808,21.7428571428569
809,19.2085714285709
810,15.6885714285712
811,13.5428571428572
812,9.28000000000065
813,6.67999999999993
814,5.25428571428529
815,12.8228571428572
816,22.0028571428571
817,25.2514285714289
818,22.1685714285715
819,17.6942857142858
820,16.8485714285711
821,14.4599999999995
822,14.2142857142855
823,14.3742857142861
824,10.9685714285715
825,7.07999999999993
826,3.82285714285681
827,11.3971428571433
828,22.145714285714
829,28.9399999999998
830,24.2228571428568
831,15.1057142857142
832,11.0428571428572
833,10.6971428571433
834,14.8285714285714
835,17.637142857143
836,20.3914285714283
837,19.9142857142855
838,15.1571428571428
839,11.2714285714283
840,11.2714285714286
841,13.7599999999999
842,16.0542857142857
843,17.1200000000001
844,20.154285714286
845,16.4828571428574
846,10.0885714285705
847,5.21142857142804
848,8.45142857142891
849,13.9371428571434
850,15.1485714285714
851,16.6599999999999
852,18.0657142857141
853,19.8
854,17.988571428572
855,19.1028571428571
856,21.5485714285714
857,20.371428571429
858,16.9885714285712
859,13.2514285714286
860,14.6799999999988
861,17.1114285714277
862,18.908571428572
863,19.5914285714294
864,19.6828571428578
865,15.182857142857
866,9.99714285714217
867,8.87428571428536
868,10.8857142857141
869,14.737142857143
870,19.7685714285719
871,20.7057142857138
872,17.8457142857147
873,14.0914285714283
874,13.0371428571427
875,14.6314285714281
876,17.2457142857136
877,21.2857142857138
878,23.6942857142862
879,20.2828571428574
880,11.3057142857146
881,8.36571428571442
882,14.3771428571425
883,20.2399999999998
884,19.0714285714286
885,15.7
886,17.1228571428575
887,23.3400000000001
888,22.5342857142859
889,17.0542857142857
890,10.4857142857141
891,9.71714285714224
892,13.1685714285719
893,19.5257142857143
894,24.8799999999999
895,20.5742857142854
896,11.6799999999999
897,6.66857142857189
898,11.2257142857143
899,20.7799999999996
900,26.0485714285714
901,23.5942857142854
902,17.6999999999993
903,13.1800000000003
904,10.1828571428567
905,11.8742857142861
906,15.5771428571432
907,17.4514285714286
908,14.3085714285713
909,13.1685714285712
910,14.891428571428
911,20.337142857143
912,22.2714285714283
913,18.5142857142855
914,14.7428571428569
915,14.157142857142
916,18.9028571428567
917,21.5228571428575
918,21.6914285714298
919,17.8628571428577
920,12.3485714285715
921,9.27714285714246
922,9.62571428571428
923,14.2428571428576
924,18.4457142857147
925,22.0857142857145
926,23.8942857142858
927,22.1600000000002
928,18.2485714285718
929,12.9314285714285
930,12.137142857143
931,16.6142857142851
932,20.7599999999999
933,18.4685714285715
934,14.0457142857136
935,12.7485714285714
936,17.8771428571432
937,21.0142857142855
938,20.9685714285719
939,15.4257142857143
940,12.7714285714294
941,17.0771428571436
942,17.7257142857143
943,15.5714285714279
944,9.79999999999964
945,9.02571428571391
946,13.3314285714285
947,17.4
948,16.3057142857138
949,14.6228571428564
950,22.308571428572
951,32.0142857142862
952,34.8428571428572
953,25.911428571428
954,11.1514285714285
955,3.95714285714348
956,7.37714285714319
957,12.5857142857141
958,17.4371428571423
959,21.6600000000002
960,22.917142857143
961,20.525714285715
962,13.0542857142864
963,10.5171428571426
964,13.3342857142849
965,19.7542857142842
966,21.5971428571418
967,20.5085714285713
968,22.7285714285714
969,21.7628571428577
970,18.8657142857144
971,16.2399999999998
972,20.6057142857138
973,24.0828571428574
974,21.5971428571436
975,13.0542857142864
976,7.42571428571428
977,8.80857142857094
978,15.3142857142848
979,19.7771428571432
980,23.1142857142859
981,24.0942857142862
982,22.3057142857149
983,21.2428571428572
984,20.1399999999994
985,19.3200000000001
986,18.3200000000001
987,20.2685714285719
988,20.5
989,18.7828571428567
990,11.2628571428562
991,7.93428571428485
992,7.56285714285805
993,14.9428571428576
994,23.9542857142864
995,27.1714285714283
996,26.382857142857
997,21.2599999999995
998,18.6257142857139
999,15.817142857143
1000,15.571428571429
1001,14.3228571428579
1002,14.1228571428572
1003,17.7342857142845
1004,22.302857142856
1005,22.6342857142849
1006,19.7057142857149
1007,14.5971428571444
1008,15.1228571428572
1009,20.3199999999997
1010,21.5457142857136
1011,17.882857142857
1012,11.8971428571433
1013,15.5285714285721
1014,20.0514285714289
1015,26.1685714285715
1016,23.2457142857147
1017,16.2285714285721
1018,13.8257142857143
1019,16.1085714285717
1020,21.4914285714283
1021,20.1428571428562
1022,16.6971428571429
1023,15.3542857142853
1024,22.7428571428569
1025,27.0342857142859
1026,24.5571428571431
1027,17.0314285714296
1028,11.3285714285717
1029,7.72857142857065
1030,8.73142857142811
1031,11.8085714285713
1032,17.1685714285719
1033,23.0599999999999
1034,21.8257142857139
1035,17.1342857142856
1036,15.2342857142859
1037,17.7200000000001
1038,22.588571428572
1039,24.2971428571433
1040,22.2428571428572
1041,21.7742857142854
1042,21.5085714285717
1043,20.5857142857141
1044,17.3171428571433
1045,18.928571428571
1046,21.0485714285711
1047,20.0342857142859
1048,15.571428571429
1049,11.1742857142868
1050,17.2257142857154
1051,24.6114285714284
1052,27.7028571428571
1053,25.0514285714282
1054,20.7685714285708
1055,18.9200000000001
1056,17.0599999999995
1057,15.6628571428573
1058,12.5200000000001
1059,17.7228571428568
1060,24.7657142857137
1061,23.9114285714277
1062,16.9314285714281
1063,8.01714285714334
1064,9.34285714285725
1065,19.0485714285718
1066,28.1428571428565
1067,28.7285714285714
1068,21.4514285714286
1069,15.6314285714281
1070,16.0628571428566
1071,23.6228571428572
1072,25.8285714285714
1073,22.1514285714293
1074,16.4228571428575
1075,16.8800000000003
1076,18.5600000000002
1077,19.0914285714283
1078,16.5342857142863
1079,16.8971428571436
1080,17.9371428571434
1081,17.8371428571438
1082,21.182857142857
1083,20.5028571428564
1084,17.6342857142859
1085,10.6914285714276
1086,13.9257142857139
1087,22.9199999999993
1088,29.8028571428575
1089,25.9971428571429
1090,19.317142857143
1091,17.3657142857144
1092,19.0485714285718
1093,21.7628571428577
1094,24.9799999999996
1095,27.145714285714
1096,24.162857142857
1097,14.4685714285715
1098,7.77714285714283
1099,12.1371428571438
1100,22.7314285714292
1101,28.4228571428568
1102,23.6914285714291
1103,17.1057142857135
1104,18.7714285714283
1105,27.011428571428
1106,29.7142857142848
1107,21.3314285714285
1108,11.5457142857147
1109,7.82000000000007
1110,12.6857142857149
1111,18.7971428571425
1112,18.8314285714285
1113,18.4942857142851
1114,21.2171428571422
1115,23.6771428571425
1116,21.874285714285
1117,20.8228571428579
1118,21.9200000000004
1119,28.4028571428575
1120,28.6857142857141
1121,21.517142857143
1122,12.3399999999998
1123,13.0799999999999
1124,15.7942857142851
1125,16.9485714285707
1126,17.8685714285712
1127,19.7428571428569
1128,24.3542857142857
1129,24.308571428572
1130,20.497142857144
1131,16.7771428571428
1132,16.382857142857
1133,18.7399999999991
1134,22.4685714285715
1135,24.6942857142862
1136,24.9742857142857
1137,20.9428571428569
1138,18.388571428572
1139,19.171428571429
1140,19.5771428571443
1141,17.4971428571433
1142,14.928571428571
1143,19.3057142857146
1144,24.5171428571422
1145,25.7628571428577
1146,23.0028571428575
1147,24.5342857142859
1148,25.9371428571427
1149,20.9942857142851
1150,13.5028571428571
1151,13.7914285714287
1152,21.8228571428583
1153,24.2371428571438
1154,18.6800000000003
1155,13.2542857142857
1156,18.6714285714275
1157,25.9971428571422
1158,29.1257142857139
1159,26.0685714285704
1160,22.6971428571429
1161,18.5571428571413
1162,17.2628571428562
1163,20.3485714285715
1164,25.9742857142868
1165,26.5828571428588
1166,22.1771428571432
1167,15.4028571428564
1168,13.1828571428574
1169,15.3514285714286
1170,18.8428571428572
1171,18.8514285714278
1172,16.7885714285709
1173,16.3542857142864
1174,19.942857142858
1175,27.6800000000003
1176,29.6999999999993
1177,26.9057142857135
1178,22.9314285714281
1179,24.5857142857145
1180,26.4685714285712
1181,25.591428571428
1182,18.8885714285716
1183,12.7428571428572
1184,10.0885714285716
1185,12.1200000000004
1186,20.3771428571432
1187,25.1371428571423
1188,28.7714285714275
1189,27.9742857142854
1190,29.0371428571438
1191,23.3542857142871
1192,16.8028571428571
1193,16.0599999999999
1194,21.5771428571425
1195,30.3599999999999
1196,26.2742857142846
1197,20.0714285714283
1198,16.7342857142852
1199,20.1028571428564
1200,20.8028571428571
1201,20.1057142857149
1202,19.0828571428567
1203,17.7485714285707
1204,20.5542857142857
1205,21.862857142857
1206,24.8571428571435
1207,22.7200000000004
1208,19.271428571429
1209,18.8885714285723
1210,18.5942857142858
1211,19.1228571428568
1212,18.1028571428564
1213,20.8457142857143
1214,16.7371428571438
1215,12.442857142858
1216,14.3057142857142
1217,26.0685714285712
1218,38.291428571428
1219,36.9171428571419
1220,28.8828571428574
1221,20.5771428571439
1222,15.8885714285716
1223,11.5771428571425
1224,12.9314285714288
1225,20.0142857142848
1226,29.5714285714275
1227,30.8657142857141
1228,26.2714285714283
1229,19.5828571428581
1230,16.4028571428586
1231,18.2514285714271
1232,22.7114285714284
1233,25.0657142857141
1234,23.5485714285722
1235,21.628571428571
1236,20.6314285714274
1237,21.8942857142865
1238,19.5942857142851
1239,18.9457142857143
1240,19.5657142857133
1241,23.7114285714284
1242,23.3828571428567
1243,25.4685714285719
1244,28.0457142857158
1245,29.2000000000007
1246,26.2314285714288
1247,17.5657142857141
1248,10.3799999999981
1249,9.74571428571508
1250,17.5400000000009
1251,25.9771428571439
1252,30.0314285714281
1253,30.2371428571416
1254,25.2057142857135
1255,18.0857142857138
1256,11.4171428571433
1257,12.057142857142
1258,22.6857142857138
1259,30.3771428571432
1260,29.3114285714291
1261,21.1714285714304
1262,20.3742857142854
1263,21.5914285714272
1264,23.9914285714287
1265,21.3428571428565
1266,19.8942857142851
1267,23.8257142857139
1268,25.7771428571417
1269,22.0771428571425
1270,19.6257142857154
1271,23.1714285714297
1272,28.1742857142868
1273,30.7657142857148
1274,27.2571428571435
1275,24.6171428571412
1276,23.6028571428564
1277,23.871428571429
1278,18.6428571428572
1279,15.1942857142865
1280,14.1514285714285
1281,18.3114285714277
1282,23.9399999999987
1283,26.7971428571436
1284,22.2999999999993
1285,17.0228571428568
1286,16.5428571428565
1287,20.6885714285709
1288,26.1714285714297
1289,26.0314285714303
1290,23.8057142857142
1291,20.028571428571
1292,17.4885714285709
1293,16.2971428571414
1294,21.8085714285713
1295,30.0599999999999
1296,32.891428571428
1297,28.0085714285735
1298,21.8628571428577
1299,20.0771428571432
1300,23.7571428571435
1301,27.0228571428568
1302,22.9028571428586
1303,17.3857142857145
1304,13.5942857142858
1305,17.5542857142857
1306,26.2514285714286
1307,32.0571428571435
1308,26.5399999999994
1309,14.871428571429
1310,11.6485714285714
1311,14.7028571428571
1312,27.5828571428581
1313,33.3828571428574
1314,35.9028571428564
1315,31.3114285714277
1316,28.4199999999997
1317,24.6257142857146
1318,21.1485714285715
1319,23.4771428571425
1320,23.7714285714283
1321,27.5342857142859
1322,23.8657142857141
1323,19.2571428571428
1324,17.0800000000003
1325,18.0028571428564
1326,17.5542857142849
1327,14.3
1328,20.6599999999999
1329,27.3914285714287
1330,33.3685714285712
1331,30.0171428571433
1332,20.4600000000006
1333,15.5400000000001
1334,17.7342857142859
1335,24.6742857142868
1336,25.1371428571423
1337,25.5657142857141
1338,24.6771428571425
1339,27.6999999999993
1340,29.2657142857148
1341,26.4142857142855
1342,18.2371428571423
1343,13.6142857142848
1344,17.1742857142854
1345,23.737142857143
1346,28.1342857142859
1347,26.8514285714293
1348,25.628571428571
1349,25.2485714285714
1350,27.1800000000003
1351,20.3685714285733
1352,10.9942857142873
1353,10.1228571428575
1354,19.5571428571428
1355,28.8542857142842
1356,32.1428571428572
1357,26.9828571428581
1358,20.437142857143
1359,20.4257142857132
1360,21.6314285714274
1361,23.8571428571413
1362,27.0742857142861
1363,33.5371428571423
1364,36.3228571428568
1365,30.5685714285712
1366,19.4657142857148
1367,15.2428571428572
1368,22.3342857142852
1369,25.9085714285706
1370,21.9028571428578
1371,17.6571428571428
1372,18.462857142857
1373,23.4371428571423
1374,26.8628571428577
1375,28.7428571428587
1376,29.2228571428568
1377,27.6085714285698
1378,19.5457142857122
1379,15.9599999999999
1380,18.7657142857162
1381,26.6400000000001
1382,31.5171428571426
1383,29.7885714285709
1384,26.1399999999994
1385,24.7314285714281
1386,29.4171428571426
1387,28.0485714285707
1388,19.7971428571422
1389,13.7571428571442
1390,13.3171428571433
1391,23.0800000000017
1392,29.8514285714285
1393,34.6228571428568
1394,30.7999999999985
1395,21.8371428571416
1396,11.388571428573
1397,11.2571428571428
1398,21.9314285714288
1399,27.4857142857145
1400,26.357142857142
1401,24.3285714285725
1402,27.6942857142843
1403,31.7114285714277
1404,32.1771428571439
1405,26.2771428571425
1406,23.2257142857139
1407,19.962857142857
1408,19.011428571427
1409,18.4942857142858
1410,23.8342857142852
1411,26.2542857142871
1412,26.1885714285738
1413,26.6942857142858
1414,25.6285714285717
1415,25.4942857142851
1416,22.7199999999997
1417,22.4800000000003
1418,23.591428571428
1419,26.285714285713
1420,25.1657142857141
1421,21.3742857142861
1422,21.1257142857146
1423,20.6342857142867
1424,25.2228571428568
1425,30.2142857142848
1426,32.4628571428555
1427,25.6599999999999
1428,19.5514285714293
1429,18.2485714285714
1430,22.5457142857143
1431,27.508571428572
1432,23.9914285714287
1433,26.8971428571451
1434,30.3771428571446
1435,32.1599999999991
1436,19.657142857142
1437,12.3857142857145
1438,17.2142857142855
1439,28.1142857142855
1440,32.8342857142859
1441,25.2200000000004
1442,21.7714285714297
1443,24.4200000000004
1444,29.9057142857142
1445,28.1571428571435
1446,22.0142857142862
1447,15.7771428571439
1448,13.5057142857142
1449,16.9542857142849
1450,27.7085714285713
1451,33.9342857142845
1452,34.7399999999994
1453,29.3914285714287
1454,28.1942857142858
1455,28.3000000000007
1456,26.6628571428577
1457,21.0342857142859
1458,17.1171428571426
1459,16.8114285714299
1460,19.5657142857141
1461,29.1
1462,37.0057142857142
1463,38.3514285714285
1464,27.7942857142851
1465,22.6885714285709
1466,23.3228571428568
1467,27.8657142857141
1468,26.1228571428568
1469,19.6
1470,18.1685714285704
1471,18.6257142857139
1472,22.7314285714281
1473,23.6142857142848
1474,25.9657142857148
1475,21.6628571428584
1476,18.6342857142845
1477,17.3571428571435
1478,25.1314285714274
1479,36.9285714285717
1480,44.5114285714291
1481,38.8057142857135
1482,23.8685714285712
1483,16.371428571429
1484,18.8057142857157
1485,28.8657142857162
1486,30.7828571428581
1487,26.2371428571423
1488,18.8142857142848
1489,19.5914285714272
1490,26.0885714285716
1491,34.6028571428571
1492,34.3485714285729
1493,22.4000000000007
1494,10.9771428571439
1495,11.0200000000004
1496,25.1971428571422
1497,35.3914285714272
1498,38.262857142857
1499,31.6371428571423
1500,26.0257142857139
1501,22.6714285714283
1502,25.2428571428572
1503,27.4828571428574
1504,26.3914285714294
1505,26.2828571428559
1506,23.7342857142852
1507,24.4057142857142
1508,21.5485714285714
1509,21.6257142857154
1510,17.4571428571442
1511,21.0457142857129
1512,25.2799999999996
1513,27.9800000000003
1514,31.0028571428586
1515,33.222857142859
1516,35.6257142857161
1517,31.2171428571433
1518,22.0400000000016
1519,13.6742857142854
1520,16.4885714285709
1521,26.2514285714264
1522,30.7371428571416
1523,25.3171428571426
1524,19.0571428571428
1525,17.6514285714293
1526,27.9657142857148
1527,38.4514285714278
1528,34.6885714285716
1529,23.2799999999996
1530,11.0799999999981
1531,18.1085714285713
1532,32.391428571428
1533,41.0285714285725
1534,36.9799999999996
1535,26.6114285714291
1536,21.5000000000007
1537,19.4657142857141
1538,24.3371428571423
1539,30.6428571428572
1540,32.2828571428581
1541,28.3257142857146
1542,19.7514285714286
1543,18.5428571428572
1544,23.5400000000001
1545,27.2742857142846
1546,28.2428571428558
1547,26.3999999999985
1548,26.6342857142852
1549,23.1857142857152
1550,16.2314285714288
1551,15.9771428571439
1552,23.0771428571439
1553,31.0200000000004
1554,34.4057142857142
1555,35.2142857142848
1556,35.0171428571419
1557,29.0485714285714
1558,22.7485714285729
1559,17.9914285714287
1560,24.9999999999993
1561,32.3257142857146
1562,33.7685714285719
1563,26.4742857142875
1564,19.5285714285717
1565,19.2171428571419
1566,26.1685714285719
1567,36.5628571428577
1568,33.1542857142871
1569,20.362857142857
1570,10.462857142857
1571,15.2142857142841
1572,29.1428571428558
1573,38.4971428571414
1574,36.1657142857148
1575,28.914285714287
1576,24.9542857142871
1577,21.7685714285726
1578,20.0771428571425
1579,20.9885714285709
1580,24.5028571428564
1581,29.5457142857136
1582,30.1114285714284
1583,22.54857142857
1584,20.9885714285709
1585,28.9085714285713
1586,38.0085714285728
1587,38.0600000000013
1588,29.5885714285723
1589,22.3142857142862
1590,26.5085714285706
1591,34.7942857142851
1592,32.5914285714294
1593,22.071428571429
1594,12.4828571428581
1595,15.2514285714278
1596,24.9999999999978
1597,28.6514285714286
1598,25.6742857142839
1599,25.7485714285736
1600,29.1285714285725
1601,27.5742857142861
1602,27.2171428571426
1603,27.4314285714259
1604,32.6857142857138
1605,35.2028571428578
1606,25.4057142857157
1607,16.922857142859
1608,14.9199999999997
1609,23.6657142857155
1610,29.5342857142845
1611,36.0542857142857
1612,32.9142857142848
1613,30.2028571428571
1614,30.1285714285717
1615,27.0857142857152
1616,24.2800000000003
1617,19.9628571428562
1618,19.9628571428584
1619,21.9971428571422
1620,26.3971428571422
1621,27.4485714285707
1622,33.6371428571409
1623,38.4771428571432
1624,36.4542857142864
1625,29.2228571428583
1626,19.4771428571439
1627,16.5200000000004
1628,22.8742857142839
1629,32.2342857142859
1630,33.0742857142854
1631,30.5914285714287
1632,27.3971428571429
1633,26.9428571428572
1634,27.2714285714275
1635,23.7942857142865
1636,17.9200000000012
1637,19.0828571428574
1638,25.3399999999994
1639,26.9314285714274
1640,27.8028571428556
1641,25.5742857142861
1642,27.1285714285717
1643,29.5257142857161
1644,31.508571428572
1645,34.128571428571
1646,37.4628571428555
1647,37.9828571428552
1648,28.4942857142851
1649,21.1199999999997
1650,20.4314285714296
1651,27.1600000000013
1652,31.462857142857
1653,28.2514285714286
1654,20.1257142857139
1655,17.5828571428567
1656,22.6400000000009
1657,32.1371428571438
1658,39.8171428571426
1659,33.7457142857129
1660,20.5399999999987
1661,12.5685714285697
1662,21.4114285714291
1663,36.5800000000025
1664,41.3514285714293
1665,31.4971428571429
1666,18.3114285714284
1667,17.7714285714283
1668,28.2799999999996
1669,37.7314285714288
1670,36.3514285714293
1671,26.9514285714286
1672,19.5371428571423
1673,18.619999999999
1674,20.7914285714309
1675,25.2085714285728
1676,31.0885714285723
1677,37.4800000000003
1678,37.9457142857129
1679,30.1028571428564
1680,19.811428571427
1681,14.3514285714293
1682,15.180000000001
1683,20.6971428571444
1684,28.4771428571425
1685,36.3000000000015
1686,37.5428571428572
1687,36.5542857142857
1688,35.137142857143
1689,34.419999999999
1690,33.1428571428565
1691,24.1514285714278
1692,16.2971428571444
1693,12.5200000000004
1694,19.0199999999997
1695,31.0114285714284
1696,43.4771428571417
1697,45.8199999999997
1698,36.5314285714281
1699,24.6542857142864
1700,17.0342857142867
1701,14.4400000000009
1702,20.5514285714293
1703,28.9514285714286
1704,36.8599999999999
1705,35.2685714285704
1706,27.8885714285709
1707,23.8085714285713
1708,23.8714285714283
1709,27.2599999999991
1710,27.7057142857157
1711,24.7114285714299
1712,23.8285714285717
1713,27.9171428571433
1714,30.2171428571433
1715,24.7828571428567
1716,13.5171428571441
1717,14.6485714285714
1718,30.2599999999984
1719,49.0971428571429
1720,47.3371428571416
1721,33.3885714285731
1722,23.2685714285726
1723,20.028571428571
1724,22.5828571428581
1725,21.1028571428571
1726,24.1742857142854
1727,26.7457142857144
1728,28.55142857143
1729,26.9400000000009
1730,29.0057142857149
1731,29.7314285714281
1732,22.2685714285704
1733,18.0942857142851
1734,22.4742857142861
1735,39.7771428571439
1736,46.2599999999999
1737,37.2342857142852
1738,20.5057142857127
1739,15.8199999999997
1740,22.8885714285723
1741,30.2628571428577
1742,31.7885714285723
1743,27.4800000000003
1744,24.2742857142854
1745,22.8342857142859
1746,24.3057142857149
1747,25.7114285714291
1748,29.5742857142846
1749,35.9599999999984
1750,36.628571428571
1751,29.3314285714288
1752,22.6857142857138
1753,26.3142857142862
1754,34.14857142857
1755,37.8228571428561
1756,31.485714285713
1757,22.8685714285697
1758,22.3885714285738
1759,18.3171428571448
1760,16.614285714287
1761,16.1228571428575
1762,21.3942857142865
1763,30.508571428572
1764,37.0142857142848
1765,35.5999999999985
1766,26.9857142857123
1767,22.7771428571432
1768,23.0000000000015
1769,30.0028571428586
1770,35.6485714285736
1771,31.9914285714302
1772,24.4428571428565
1773,23.9628571428555
1774,35.3514285714271
1775,46.6057142857142
1776,44.4342857142867
1777,33.9399999999994
1778,27
1779,29.7171428571433
1780,31.2171428571426
1781,26.5771428571439
1782,23.760000000002
1783,28.1742857142875
1784,28.2714285714283
1785,22.6399999999987
1786,16.3228571428568
1787,18.8771428571417
1788,26.1428571428572
1789,32.4714285714275
1790,38.9399999999994
1791,42.6399999999994
1792,41.5028571428578
1793,25.9542857142864
1794,12.9571428571406
1795,12.5400000000009
1796,25.1657142857141
1797,37.2200000000004
1798,36.3600000000006
1799,29.5142857142855
1800,27.2971428571444
1801,27.8428571428587
1802,24.0600000000013
1803,16.0457142857136
1804,17.4371428571409
1805,28.1514285714286
1806,40.5657142857133
1807,40.1085714285713
1808,28.8257142857139
1809,24.9457142857122
1810,27.0942857142843
1811,31.1199999999997
1812,33.5828571428588
1813,36.1028571428586
1814,39.6057142857142
1815,34.2885714285701
1816,25.2257142857139
1817,16.1371428571438
1818,17.0342857142838
1819,23.0085714285713
1820,20.3228571428583
1821,21.5514285714307
1822,25.8085714285728
1823,34.4542857142878
1824,38.9142857142855
1825,35.3742857142832
1826,31.568571428569
1827,26.6599999999991
1828,29.5714285714275
1829,27.8171428571441
1830,24.7742857142861
1831,24.5285714285725
1832,23.2457142857151
1833,27.771428571429
1834,27.8485714285707
1835,23.8714285714304
1836,19.8114285714299
1837,25.5257142857154
1838,39.3057142857142
1839,41.7628571428577
1840,33.9714285714304
1841,21.7600000000006
1842,21.8228571428539
1843,30.3857142857116
1844,35.6771428571403
1845,34.7457142857151
1846,26.7371428571438
1847,25.4457142857136
1848,27.6171428571426
1849,33.9114285714284
1850,35.5942857142858
1851,30.9485714285722
1852,23.8028571428586
1853,23.8228571428568
1854,28.4599999999991
1855,31.1657142857162
1856,30.3685714285719
1857,32.1914285714272
1858,30.3942857142843
1859,28.4771428571417
1860,28.271428571429
1861,30.371428571429
1862,33.8485714285707
1863,30.4200000000012
1864,23.6714285714304
1865,19.628571428571
1866,23.1914285714272
1867,26.6571428571406
1868,28.4085714285728
1869,28.8542857142864
1870,27.488571428573
1871,23.9400000000009
1872,20.7857142857145
1873,23.517142857147
1874,30.1085714285728
1875,34.5200000000026
1876,34.7371428571423
1877,35.0885714285701
1878,34.1599999999991
1879,30.0885714285701
1880,26.9399999999994
1881,29.6771428571417
1882,33.1000000000029
1883,28.9057142857142
1884,24.1114285714284
1885,24.8142857142811
1886,30.9057142857127
1887,32.3171428571441
1888,31.1628571428562
1889,33.2314285714296
1890,37.7
1891,33.1971428571429
1892,20.1971428571458
1893,8.93428571428667
1894,9.96571428571333
1895,23.3942857142858
1896,34.6428571428551
1897,37.5314285714296
1898,35.0542857142849
1899,40.1942857142843
1900,47.5942857142843
1901,43.1114285714284
1902,21.1857142857145
1903,7.24285714285652
1904,14.0057142857127
1905,35.4742857142861
1906,45.8000000000015
1907,41.0685714285748
1908,27.2800000000003
1909,20.5457142857151
1910,23.0228571428554
1911,21.6457142857151
1912,27.9114285714255
1913,33.7228571428583
1914,39.8542857142849
1915,32.1057142857142
1916,20.9114285714299
1917,20.0114285714313
1918,29.4571428571435
1919,37.8457142857151
1920,31.0399999999994
1921,24.2542857142835
1922,23.9514285714264
1923,32.9399999999965
1924,34.3057142857142
1925,31.4457142857165
1926,25.7085714285757
1927,23.1057142857157
1928,28.4428571428536
1929,32.8171428571397
1930,36.9599999999977
1931,30.0571428571435
1932,29.071428571429
1933,26.2942857142858
1934,27.0342857142852
1935,23.7028571428571
1936,21.2857142857145
1937,24.2399999999965
1938,36.8828571428559
1939,42.7742857142875
1940,42.2228571428583
1941,33.714285714287
1942,25.6628571428577
1943,24.6485714285707
1944,26.0057142857127
1945,33.0142857142855
1946,33.8714285714275
1947,33.1657142857162
1948,21.3542857142864
1949,26.0685714285704
1950,35.7914285714302
1951,38.1228571428554
1952,34.9114285714284
1953,27.4885714285716
1954,27.1171428571426
1955,25.514285714287
1956,20.9799999999988
1957,16.1028571428556
1958,20.614285714287
1959,30.9028571428571
1960,32.9257142857154
1961,37.4771428571461
1962,38.157142857142
1963,34.0800000000003
1964,29.0799999999988
1965,27.8142857142841
1966,31.9200000000012
1967,36.668571428569
1968,37.3342857142852
1969,27.4342857142852
1970,18.768571428569
1971,19.371428571429
1972,24.6914285714287
1973,27.6257142857154
1974,29.0485714285736
1975,35.5228571428583
1976,45.4514285714293
1977,46.5628571428562
1978,34.357142857142
1979,22.3857142857116
1980,23.4571428571435
1981,26.1971428571414
1982,31.6885714285716
1983,34.0057142857127
1984,33.5200000000012
1985,29.9857142857145
1986,24.2914285714287
1987,23.2599999999991
1988,22.4514285714264
1989,19.3000000000029
1990,16.7228571428554
1991,24.6314285714281
1992,38.1171428571426
1993,45.6685714285733
1994,43.7971428571458
1995,39.0657142857148
1996,34.9085714285728
1997,31.6000000000015
1998,24.3314285714296
1999,15.8542857142864
2000,7.87428571428609

