0,11.5085714285714
1,33.4571428571428
2,109.84
3,312.754285714286
4,646.485714285714
5,1353.12
6,2276.01428571429
7,3037.2
8,3201.20285714286
9,2778.96
10,2104.13142857143
11,1495.55142857143
12,1083.93714285714
13,730.360000000001
14,505.702857142858
15,339.251428571429
16,181.551428571427
17,16.7285714285717
18,-102.708571428571
19,-213.285714285714
20,-294.734285714285
21,-356.694285714287
22,-396.331428571428
23,-430.822857142858
24,-450.711428571428
25,-445.671428571428
26,-429.008571428571
27,-421.728571428571
28,-429.36
29,-428.63142857143
30,-407.56
31,-369.614285714285
32,-339.902857142857
33,-322.217142857144
34,-304.288571428572
35,-286.800000000001
36,-271.782857142857
37,-251.379999999999
38,-228.379999999999
39,-198.64857142857
40,-173.502857142857
41,-153.734285714286
42,-146.180000000001
43,-143.651428571429
44,-137.954285714285
45,-127.065714285714
46,-107.248571428571
47,-83.4085714285717
48,-62.1000000000004
49,-57.5114285714291
50,-55.2342857142856
51,-47.7857142857141
52,-32.9057142857135
53,-24.8971428571425
54,-36.128571428571
55,-65.0371428571427
56,-103.202857142858
57,-132.56
58,-159.225714285714
59,-178.637142857142
60,-191.142857142857
61,-184.748571428572
62,-161.42
63,-127.702857142858
64,-99.2085714285713
65,-80.3085714285709
66,-66.2914285714291
67,-63.5971428571433
68,-61.9057142857149
69,-57.0114285714284
70,-41.5257142857139
71,-33.5599999999999
72,-31.5799999999996
73,-33.437142857143
74,-34.9114285714288
75,-34.9828571428574
76,-37.7228571428575
77,-31.9000000000004
78,-22.2685714285715
79,-15.9342857142859
80,-14.6828571428574
81,-14.5457142857143
82,-11.8914285714283
83,-10.4714285714275
84,-10.5399999999998
85,-7.12285714285717
86,-4.57142857142899
87,-2.40000000000036
88,-3.18857142857087
89,-1.21714285714261
90,3.33142857142848
91,7.78571428571413
92,10.111428571428
93,4.72571428571391
94,-0.0971428571428987
95,-1.16857142857116
96,3.45142857142855
97,10.0085714285717
98,10.8800000000003
99,7.15428571428602
100,-0.557142857142389
101,-6.42285714285681
102,-5.5942857142858
103,-0.26285714285732
104,6.0771428571421
105,6.04857142857072
106,6.61714285714224
107,6.54571428571398
108,11.845714285714
109,17.0885714285716
110,13.0742857142857
111,6.02285714285717
112,0.325714285714275
113,5.04285714285761
114,13.2057142857149
115,18.9485714285714
116,19.0057142857138
117,15.6742857142854
118,13.4228571428572
119,10.9028571428575
120,5.49142857142833
121,4.28571428571413
122,5.42857142857138
123,9.59142857142906
124,13.525714285715
125,14.0200000000001
126,14.5114285714288
127,16.9857142857141
128,23.9171428571433
129,27.5285714285725
130,25.3514285714282
131,15.3685714285715
132,6.34571428571435
133,5.29428571428616
134,11.1971428571436
135,17.2857142857138
136,21.1714285714283
137,23.8999999999993
138,26.3857142857138
139,24.9942857142858
140,15.4085714285713
141,7.92571428571464
142,13.5914285714291
143,26.6914285714287
144,34.7657142857141
145,32.3742857142854
146,26.3942857142862
147,18.7142857142859
148,12.282857142857
149,5.5285714285721
150,2.00285714285674
151,2.39428571428653
152,2.59714285714254
153,-0.76285714285732
154,-2.98000000000066
155,6.23999999999942
156,14.9628571428573
157,21.6657142857141
158,19.2600000000006
159,12.4571428571431
160,11.7200000000001
161,14.5799999999999
162,18.1742857142857
163,16.1714285714286
164,16.3942857142854
165,19.0142857142851
166,24.582857142857
167,26.3257142857146
168,23.742857142858
169,23.3400000000005
170,19.3514285714289
171,18.2714285714286
172,19.4228571428568
173,20.4542857142857
174,15.9828571428563
175,7.32571428571391
176,4.68571428571413
177,12.9714285714286
178,24.3600000000006
179,22.6200000000001
180,12.9971428571425
181,10.0885714285709
182,15.2314285714285
183,19.6742857142861
184,17.6028571428578
185,10.3514285714286
186,6.12571428571391
187,4.84285714285616
188,13.0971428571429
189,23.4228571428575
190,28.4428571428572
191,26.5857142857152
192,20.7257142857143
193,21.5085714285713
194,25.3199999999997
195,28.2857142857141
196,29.2628571428577
197,31.1257142857146
198,31.2171428571426
199,29.2657142857133
200,29.7085714285709
201,31.117142857143
202,29.2457142857147
203,28.7314285714285
204,28.7457142857147
205,30.3
206,30.0314285714281
207,28.3714285714294
208,29.2371428571427
209,32.6314285714281
210,38.1085714285709
211,42.137142857142
212,41.2885714285709
213,33.2628571428573
214,28.5600000000002
215,31.6057142857138
216,37.6599999999999
217,36.9171428571426
218,31.9285714285717
219,34.8685714285715
220,43.6400000000005
221,47.4799999999996
222,38.6971428571422
223,31.8800000000007
224,35.488571428572
225,50.9942857142862
226,62.5485714285722
227,62.7828571428567
228,54.2485714285718
229,47.9799999999996
230,51.8914285714276
231,65.2799999999999
232,76.2742857142857
233,79.9714285714283
234,77.7028571428575
235,68.7314285714281
236,59.9142857142848
237,57.1942857142858
238,60.9257142857146
239,66.5028571428575
240,70.0028571428578
241,63.0314285714285
242,55.9428571428565
243,56.2600000000002
244,64.1114285714288
245,83.4800000000007
246,107.980000000001
247,132.537142857143
248,156.154285714285
249,169.302857142857
250,165.282857142858
251,143.408571428572
252,117.971428571429
253,94.2828571428556
254,89.3485714285707
255,92.8885714285716
256,93.4971428571433
257,87.9857142857152
258,79.6028571428564
259,75.9371428571427
260,67.3257142857135
261,49.8999999999996
262,23.6314285714288
263,3.86857142857152
264,-23.3342857142845
265,-69.8771428571421
266,-130.885714285714
267,-196.822857142857
268,-254.757142857143
269,-306.122857142858
270,-343.76
271,-369.231428571428
272,-375.308571428571
273,-366.042857142858
274,-339.214285714286
275,-298.194285714286
276,-258.817142857143
277,-224.837142857142
278,-191.637142857143
279,-147.317142857143
280,-96.4485714285718
281,-46.3514285714285
282,-16.1114285714284
283,-3.39714285714253
284,2.8085714285713
285,8.87999999999993
286,16.6514285714289
287,22.537142857143
288,21.9228571428579
289,14.6999999999996
290,6.27142857142826
291,0.402857142857101
292,0.577142857142826
293,-0.557142857143117
294,-7.45142857142855
295,-11.8799999999999
296,-6.30857142857167
297,5.77999999999993
298,12.0714285714286
299,13.6114285714288
300,12.5257142857146
301,17.9342857142859
302,20.9342857142852
303,17.0800000000003
304,10.417142857143
305,7.86571428571406
306,13.5857142857141
307,20.2685714285712
308,22.0685714285715
309,17.3771428571425
310,11.0914285714283
311,6.38285714285703
312,8.16571428571478
313,10.7971428571429
314,16.0771428571428
315,15.5971428571429
316,15.2342857142859
317,12.4342857142859
318,14.5228571428564
319,19.6085714285709
320,19.7342857142856
321,12.0485714285722
322,1.67428571428645
323,0.00571428571456636
324,6.07714285714173
325,12.5599999999995
326,13.7228571428572
327,20.5314285714288
328,26.1600000000002
329,21.3657142857148
330,5.15142857142891
331,-5.06857142857116
332,0.882857142856665
333,13.7571428571428
334,19.3714285714283
335,12.9399999999994
336,4.94285714285725
337,2.49999999999964
338,2.69142857142833
339,11.1085714285717
340,13.2828571428567
341,6.26000000000022
342,-2.1028571428571
343,-5.24857142857181
344,-2.34285714285761
345,2.10285714285783
346,9.5085714285713
347,16.5228571428575
348,21.2742857142865
349,14.8171428571437
350,7.26571428571406
351,8.59142857142797
352,16.7857142857141
353,18.9942857142858
354,18.2000000000007
355,17.0800000000003
356,16.0771428571421
357,9.16285714285659
358,0.448571428569994
359,2.90000000000036
360,8.67142857142862
361,15.7142857142859
362,15.888571428572
363,17.0914285714287
364,17.1114285714291
365,13.8142857142859
366,9.65142857142819
367,6.86571428571406
368,12.6600000000002
369,12.8800000000007
370,6.72285714285754
371,0.151428571428914
372,2.87428571428572
373,14.808571428572
374,24.4228571428572
375,26.8685714285715
376,25.1428571428569
377,21.2028571428567
378,12.8742857142857
379,4.27428571428536
380,0.468571428571522
381,4.90285714285747
382,13.9828571428574
383,21.4542857142853
384,22.5942857142854
385,20.0342857142856
386,14.3399999999994
387,7.06285714285696
388,8.51714285714297
389,13.3428571428576
390,16.4028571428575
391,16.9599999999995
392,11.5485714285711
393,4.21999999999971
394,8.03714285714341
395,15.2771428571432
396,19.7828571428574
397,16.0942857142854
398,16.2371428571427
399,21.5714285714283
400,28.0857142857138
401,24.2085714285713
402,15.1342857142856
403,14.2000000000011
404,14.8657142857148
405,16.988571428572
406,9.99714285714326
407,6.53428571428522
408,7.59142857142833
409,10.2857142857138
410,14.2342857142863
411,21.3657142857144
412,27.8514285714285
413,24.1942857142854
414,17.0657142857137
415,12.0628571428573
416,17.6342857142859
417,33.0257142857146
418,36.7457142857144
419,29.5971428571425
420,15.2799999999999
421,11.4057142857146
422,16.6171428571437
423,19.3714285714283
424,17.3142857142848
425,10.037142857142
426,6.05428571428565
427,6.02000000000007
428,11.0085714285717
429,17.7142857142859
430,20.3028571428564
431,17.6857142857138
432,8.81714285714297
433,10.0685714285715
434,18.6885714285716
435,22.0199999999997
436,15.6657142857141
437,10.7142857142855
438,13.6142857142859
439,22.417142857143
440,27.3714285714283
441,20.6485714285715
442,12.3685714285715
443,7.92000000000044
444,11.1200000000004
445,13.0028571428567
446,17.8971428571425
447,21.0342857142856
448,23.3400000000001
449,23.2657142857144
450,26.7514285714289
451,30.7399999999998
452,25.6514285714286
453,19.3171428571437
454,16.045714285714
455,19.9571428571428
456,23.6942857142858
457,22.8971428571436
458,12.4085714285717
459,5.67428571428536
460,8.6771428571421
461,17.7285714285707
462,28.4714285714283
463,30.5657142857148
464,24.7771428571432
465,22.0542857142864
466,28.3228571428572
467,32.7885714285712
468,29.4714285714283
469,23.7028571428571
470,13.1057142857146
471,7.51428571428514
472,9.34857142857109
473,18.0399999999994
474,25.2714285714286
475,25.7057142857146
476,25.4400000000005
477,19.8400000000001
478,15.4714285714283
479,11.328571428571
480,16.6714285714283
481,26.2571428571424
482,34.3285714285714
483,32.5571428571424
484,26.2542857142857
485,30.0742857142861
486,40.3914285714298
487,45.4285714285721
488,31.8857142857138
489,6.60571428571348
490,-17.2142857142859
491,-24.4228571428564
492,-17.0342857142856
493,-6.56571428571406
494,6.6085714285713
495,13.6171428571422
496,16.5828571428567
497,14.4200000000001
498,16.3028571428571
499,23.0857142857141
500,30.5371428571434
501,40.0428571428572
502,45.8285714285706
503,55.8771428571425
504,67.3971428571422
505,86.9771428571421
506,105.565714285714
507,105.26
508,66.480000000001
509,3.20857142857203
510,-52.517142857143
511,-80.142857142858
512,-79.4085714285717
513,-73.354285714286
514,-66.7399999999998
515,-64.1314285714281
516,-54.7257142857143
517,-44.2999999999993
518,-30.0314285714292
519,-10.0057142857142
520,2.80571428571493
521,9.5914285714287
522,8.03142857142921
523,10.8200000000001
524,10.4857142857141
525,1.97142857142826
526,-3.04857142857218
527,2.72857142857101
528,22.7142857142855
529,32.7428571428576
530,25.3685714285715
531,14.9399999999994
532,12.3399999999994
533,15.508571428572
534,14.8685714285722
535,15.5228571428575
536,15.3885714285712
537,14.511428571428
538,14.0542857142849
539,12.7885714285709
540,18.4599999999999
541,24.9971428571429
542,32.6457142857143
543,26.1685714285719
544,15.1742857142857
545,9.26000000000058
546,14.654285714286
547,24.0628571428577
548,19.0599999999999
549,12.8771428571428
550,11.5257142857139
551,25.6657142857141
552,34.7771428571432
553,32.1114285714288
554,19.3828571428574
555,7.6971428571429
556,12.2228571428568
557,26.7628571428573
558,30.5885714285716
559,14.6828571428567
560,0.771428571429351
561,7.33142857142957
562,25.0600000000002
563,32.1457142857143
564,25.1342857142852
565,17.6885714285709
566,17.1857142857152
567,19.0228571428583
568,18.2799999999999
569,23.7885714285709
570,26.4799999999992
571,21.7200000000001
572,13.4800000000007
573,10.7485714285722
574,17.0685714285722
575,28.6571428571428
576,40.282857142857
577,39.3799999999996
578,25.3400000000001
579,5.33142857142884
580,6.07428571428536
581,19.662857142857
582,26.9571428571428
583,11.7000000000004
584,-1.13714285714232
585,6.87714285714319
586,27.9857142857145
587,44.1628571428573
588,34.4628571428562
589,24.7857142857149
590,19.1971428571429
591,18.9
592,15.145714285714
593,13.082857142857
594,17.0228571428572
595,23.7971428571425
596,29.471428571429
597,25.7342857142863
598,18.1857142857141
599,12.7285714285706
600,14.0371428571427
601,18.1314285714281
602,22.2200000000004
603,20.3857142857138
604,19.9085714285709
605,27.4771428571428
606,33.6914285714283
607,30.2028571428578
608,19.5599999999999
609,10.8228571428572
610,15.6314285714285
611,21.0542857142857
612,27.5371428571438
613,25.8057142857149
614,25.5171428571437
615,20.5
616,20.1257142857128
617,23.5742857142854
618,22.8457142857147
619,27.8171428571437
620,29.8685714285726
621,32.262857142857
622,19.6799999999992
623,10.8314285714281
624,6.08571428571377
625,14.2971428571436
626,20.2542857142864
627,18.2200000000004
628,20.7228571428561
629,26.9171428571419
630,33.7314285714285
631,27.6114285714295
632,23.2571428571435
633,23.9828571428574
634,24.1400000000001
635,23.0314285714285
636,19.3114285714284
637,21.9400000000001
638,23.9885714285723
639,23.537142857143
640,14.4999999999996
641,6.25999999999913
642,6.95714285714275
643,15.542857142858
644,31.5942857142858
645,43.6028571428571
646,40.3714285714283
647,19.6114285714277
648,1.56285714285696
649,-0.282857142856665
650,16.8228571428568
651,36.3314285714296
652,39.2971428571436
653,30.8685714285726
654,28.811428571427
655,32.1942857142843
656,32.4971428571422
657,23.2742857142861
658,10.008571428572
659,6.97714285714464
660,12.808571428572
661,17.328571428571
662,12.3314285714281
663,5.2942857142858
664,9.43428571428522
665,22.8457142857136
666,40.0285714285703
667,41.3428571428565
668,32.3542857142864
669,19.7371428571445
670,9.73428571428667
671,8.52285714285754
672,3.23714285714304
673,-2.84285714285797
674,-11.5199999999997
675,-11.1228571428575
676,-4.43714285714304
677,4.46000000000058
678,14.914285714287
679,17.462857142857
680,16.9228571428568
681,12.7799999999996
682,8.61428571428405
683,8.24857142857072
684,15.6828571428567
685,22.1857142857145
686,21.5771428571439
687,17.9457142857151
688,14.762857142857
689,17.1857142857145
690,19.4685714285712
691,19.491428571428
692,17.9400000000001
693,15.4885714285709
694,6.88571428571377
695,4.22857142857174
696,15.6028571428571
697,34.3857142857145
698,44.1228571428575
699,40.9600000000006
700,37.6342857142852
701,38.5257142857132
702,37.1942857142836
703,24.9342857142852
704,4.11142857142913
705,-19.2885714285694
706,-31.4742857142846
707,-27.0828571428574
708,-17.8657142857148
709,-13.522857142859
710,-25.0028571428586
711,-44.6657142857155
712,-68.5342857142852
713,-91.0999999999993
714,-102.011428571427
715,-94.0142857142848
716,-69.1800000000017
717,-49.0742857142861
718,-29.4657142857141
719,-13.1914285714294
720,1.53428571428594
721,10.7114285714291
722,9.04571428571435
723,3.58000000000102
724,-0.5
725,3.62000000000044
726,8.19714285714363
727,11.5771428571432
728,10.4685714285704
729,4.39428571428361
730,-0.68857142857305
731,-5.12857142857174
732,-5.7057142857142
733,-4.71428571428478
734,-1.8914285714287
735,4.27714285714246
736,5.97142857142971
737,4.78285714285739
738,4.0885714285716
739,7.82571428571464
740,13.6028571428556
741,12.3371428571423
742,11.7942857142858
743,15.5800000000003
744,28.2571428571428
745,31.2542857142857
746,23.3999999999993
747,15.2371428571438
748,11.7800000000017
749,9.51428571428696
750,-0.0914285714279686
751,-4.4971428571429
752,7.59714285714217
753,24.2771428571425
754,23.8828571428574
755,13.4971428571429
756,3.9971428571429
757,8.27428571428536
758,18.6228571428568
759,29.4485714285722
760,36.8742857142861
761,38.3800000000003
762,40.5114285714284
763,38.4142857142862
764,40.1314285714288
765,45.9942857142865
766,57.2742857142868
767,75.0685714285712
768,81.0085714285713
769,65.8885714285716
770,16.3371428571423
771,-45.4400000000001
772,-99.0342857142867
773,-113.474285714285
774,-83.2714285714275
775,-46.2514285714285
776,-39.1342857142859
777,-65.4142857142855
778,-103.905714285714
779,-132.900000000001
780,-138.657142857144
781,-129.27142857143
782,-107.717142857143
783,-88.1971428571422
784,-66.6971428571422
785,-46.1542857142849
786,-24.5314285714281
787,-20.1599999999999
788,-25.8171428571426
789,-21.8114285714291
790,-9.20857142857276
791,-2.38000000000029
792,-12.3057142857153
793,-15.9
794,-3.54857142857145
795,4.6285714285721
796,-0.31714285714188
797,-11.154285714286
798,-5.55714285714275
799,11.8999999999996
800,24.4457142857147
801,21.2057142857146
802,14.4885714285709
803,14.5714285714275
804,17.7142857142855
805,20.8028571428571
806,29.4114285714291
807,35.1942857142858
808,42.7314285714281
809,42.2542857142842
810,31.7171428571419
811,21.0914285714287
812,9.35142857142855
813,5.60285714285783
814,4.67428571428609
815,13.3885714285716
816,9.80000000000073
817,-0.597142857142899
818,-8.36857142857189
819,-2.84000000000015
820,8.66285714285696
821,1.24571428571362
822,-12.128571428571
823,-18.6885714285716
824,-8.43428571428522
825,-1.57142857142899
826,-0.154285714287107
827,5.52571428571391
828,13.3685714285712
829,25.8342857142852
830,34.7571428571428
831,53.6
832,74.0171428571426
833,84.4971428571436
834,86.0114285714299
835,89.6628571428577
836,102.42
837,132.414285714284
838,168.865714285714
839,190.411428571428
840,168.162857142858
841,92.9971428571429
842,-27.880000000001
843,-166.345714285714
844,-288.848571428571
845,-376.891428571428
846,-402.968571428572
847,-375.725714285715
848,-313.957142857144
849,-242.542857142857
850,-169.411428571428
851,-106.754285714286
852,-54.711428571428
853,-14.0628571428573
854,6.50285714285747
855,11.0971428571433
856,6.60857142857167
857,2.57142857142862
858,-0.505714285715294
859,-2.89714285714326
860,-7.48857142857159
861,-18.4542857142857
862,-33.2228571428564
863,-48.0914285714283
864,-53.4514285714278
865,-47.2428571428565
866,-32.111428571428
867,-13.4885714285716
868,-4.82000000000044
869,-1.04285714285688
870,-1.95999999999985
871,5.60571428571493
872,14.5485714285711
873,16.0628571428573
874,10.7085714285713
875,7.99999999999927
876,18.6828571428563
877,24.2599999999999
878,21.6257142857146
879,15.5457142857147
880,10.8771428571425
881,12.0342857142856
882,12.9228571428564
883,16.9399999999998
884,16.8457142857154
885,16.4628571428573
886,13.6257142857143
887,13.6914285714276
888,19.0171428571419
889,20.3657142857141
890,16.5000000000007
891,10.9428571428576
892,9.86571428571442
893,4.61142857142841
894,3.4028571428571
895,5.38857142857123
896,10.3457142857147
897,10.5228571428575
898,11.2485714285718
899,10.1514285714289
900,11.4371428571427
901,17.4657142857141
902,22.1057142857146
903,26.7600000000002
904,22.8
905,14.2685714285708
906,7.45142857142855
907,12.6657142857151
908,17.5571428571435
909,19.1228571428572
910,19.7114285714291
911,18.4257142857139
912,16.7828571428563
913,6.59428571428543
914,0.699999999999272
915,-4.01999999999971
916,0.654285714286016
917,11.6628571428573
918,17.5828571428574
919,17.991428571428
920,4.43714285714268
921,-6.76000000000058
922,-5.65142857142819
923,13.037142857143
924,37.2485714285722
925,38.8857142857149
926,28.3742857142854
927,8.25714285714239
928,3.34571428571362
929,12.8971428571422
930,17.8457142857147
931,15.2228571428568
932,8.29428571428653
933,10.2885714285712
934,18.2599999999995
935,23.1657142857137
936,17.3057142857135
937,9.70285714285783
938,11.9514285714293
939,17.8000000000007
940,20.2685714285715
941,14.8428571428569
942,3.85714285714348
943,-0.420000000000073
944,1.00571428571457
945,11.254285714286
946,25.6399999999994
947,37.7771428571428
948,36.2514285714285
949,22.262857142857
950,4.57999999999993
951,2.63142857142739
952,12.9399999999998
953,17.5828571428574
954,8.16857142857152
955,2.34000000000087
956,6.82857142857247
957,17.5571428571431
958,13.8342857142859
959,7.65999999999985
960,12.0571428571428
961,26.6342857142859
962,31.9942857142865
963,15.6057142857157
964,0.520000000000437
965,-2.07428571428536
966,8.71142857142913
967,12.8685714285719
968,17.8228571428568
969,29.1000000000007
970,31.3657142857141
971,25.8828571428574
972,6.06571428571479
973,-4.02000000000044
974,0.257142857142753
975,15.7142857142862
976,25.3028571428593
977,17.9000000000022
978,11.0228571428575
979,13.6542857142857
980,26.1885714285701
981,28.2028571428571
982,22.1685714285726
983,13.7285714285717
984,19.5857142857145
985,26.3514285714285
986,22.5028571428578
987,13.7971428571422
988,8.55714285714275
989,5.12285714285754
990,3.75142857142855
991,12.2742857142861
992,21.2399999999994
993,22.3714285714283
994,18.3800000000003
995,9.57714285714246
996,8.31428571428551
997,13.9142857142855
998,21.8428571428572
999,22.0771428571432
1000,10.5571428571435
1001,2.94571428571508
1002,4.0914285714287
1003,15.7571428571428
1004,21.1542857142857
1005,22.242857142858
1006,14.3285714285717
1007,9.8114285714284
1008,7.90571428571275
1009,9.05714285714203
1010,12.5
1011,12.0714285714283
1012,8.46571428571479
1013,9.25999999999985
1014,23.1599999999999
1015,20.8057142857142
1016,13.3314285714288
1017,11.4000000000007
1018,23.6628571428562
1019,30.4257142857139
1020,22.8685714285719
1021,8.04571428571362
1022,7.45714285714348
1023,16.9799999999996
1024,15.6142857142862
1025,5.28857142857087
1026,2.1542857142842
1027,16.3542857142871
1028,37.1142857142855
1029,44.05142857143
1030,25.4314285714274
1031,2.7571428571413
1032,-0.685714285715221
1033,15.1200000000004
1034,29.2771428571439
1035,25.128571428571
1036,11.0885714285716
1037,4.77142857142899
1038,10.1828571428581
1039,14.5828571428574
1040,12.6999999999993
1041,9.91428571428478
1042,6.12857142857029
1043,13.2857142857145
1044,22.2314285714281
1045,27.0285714285717
1046,23.6057142857157
1047,15.9971428571444
1048,10.3342857142867
1049,10.1485714285714
1050,16.6685714285712
1051,21.0942857142858
1052,20.719999999999
1053,16.311428571427
1054,10.1285714285703
1055,10.6428571428572
1056,16.6142857142862
1057,22.4028571428578
1058,21.5085714285713
1059,17.7228571428575
1060,13.1514285714278
1061,8.51999999999971
1062,14.7542857142849
1063,22.3085714285706
1064,25.4885714285723
1065,18.4914285714287
1066,10.6942857142858
1067,7.72285714285899
1068,12.7714285714283
1069,20.5800000000003
1070,22.0428571428565
1071,19.057142857142
1072,8.32857142857174
1073,2.81142857142841
1074,9.69142857142797
1075,23.9685714285712
1076,30.037142857143
1077,24.2257142857154
1078,16.1085714285728
1079,12.1857142857152
1080,20.6657142857141
1081,24.2199999999997
1082,27.4514285714278
1083,22.0371428571423
1084,12.0999999999993
1085,6.21428571428696
1086,6.10571428571493
1087,18.2485714285714
1088,19.837142857143
1089,18.4085714285713
1090,10.1228571428568
1091,7.18285714285739
1092,13.591428571428
1093,18.1857142857152
1094,22.0485714285707
1095,23.6114285714284
1096,28.1342857142867
1097,24.2742857142861
1098,16.9857142857145
1099,8.4057142857142
1100,4.14285714285797
1101,4.2085714285713
1102,10.3799999999981
1103,20.4485714285707
1104,32.4942857142858
1105,33.2571428571435
1106,22.4057142857149
1107,11.4514285714293
1108,7.12000000000044
1109,5.27714285714392
1110,7.37714285714319
1111,11.9057142857135
1112,18.677142857141
1113,23.9628571428562
1114,25.6857142857152
1115,26.9314285714288
1116,30.2742857142868
1117,21.9714285714297
1118,8.03142857142811
1119,3.01142857142913
1120,3.39999999999854
1121,11.0799999999988
1122,16.5542857142849
1123,26.8714285714275
1124,27.5971428571422
1125,26.8857142857152
1126,14.9285714285717
1127,9.1028571428571
1128,9.85714285714203
1129,11.262857142857
1130,17.0942857142873
1131,19.7000000000007
1132,24.4971428571436
1133,26.7200000000004
1134,30.2342857142852
1135,25.0171428571433
1136,20.4885714285701
1137,13.4085714285713
1138,9.7
1139,13.1400000000001
1140,15.3914285714287
1141,20.3171428571426
1142,25.4257142857146
1143,24.0285714285717
1144,12.942857142858
1145,6.60571428571348
1146,9.2
1147,16.208571428572
1148,26.0114285714284
1149,31.0228571428568
1150,28.4685714285712
1151,22.4200000000004
1152,9.62571428571537
1153,-1.84000000000087
1154,-2.07714285714392
1155,8.38285714285666
1156,22.3685714285719
1157,30.9657142857155
1158,35.7057142857142
1159,33.437142857143
1160,31.185714285713
1161,28.5314285714281
1162,19.9228571428575
1163,9.99142857142797
1164,-0.217142857142608
1165,-2.27714285714173
1166,0.560000000000582
1167,12.4171428571426
1168,22.7114285714277
1169,28.4171428571419
1170,26.1971428571422
1171,14.7400000000009
1172,9.64285714285725
1173,13.8571428571435
1174,26.7314285714288
1175,26.591428571428
1176,17.537142857143
1177,7.50000000000073
1178,12.2942857142858
1179,27.8085714285713
1180,26.8628571428562
1181,15.828571428571
1182,4.64571428571508
1183,10.8857142857152
1184,22.8257142857161
1185,31.1371428571423
1186,27.9828571428567
1187,13.6828571428574
1188,-2.08571428571377
1189,-8.04000000000014
1190,7.35142857142855
1191,33.4971428571429
1192,52.7200000000004
1193,45.2257142857146
1194,23.4228571428568
1195,9.54000000000014
1196,12.7228571428575
1197,19.8542857142871
1198,17.1371428571423
1199,5.18571428571304
1200,-1.64000000000087
1201,12.2057142857127
1202,31.6514285714286
1203,35.3028571428571
1204,25.4257142857154
1205,18.3000000000015
1206,21.7199999999997
1207,26.0399999999994
1208,22.0999999999993
1209,12.862857142857
1210,7.79714285714363
1211,4.65142857142782
1212,7.05999999999985
1213,16.8171428571426
1214,22.5657142857148
1215,18.9114285714284
1216,9.78571428571377
1217,8.42285714285754
1218,10.8942857142851
1219,15.9685714285726
1220,21.7171428571426
1221,30.9314285714288
1222,31.8571428571428
1223,27.1428571428572
1224,23.062857142857
1225,24.1400000000001
1226,19.3799999999996
1227,7.29999999999855
1228,3.50000000000073
1229,10.4371428571438
1230,28.9885714285716
1231,37.8114285714284
1232,35.8285714285717
1233,14.4942857142858
1234,-2.96571428571478
1235,-1.0914285714287
1236,21.7057142857149
1237,38.9857142857152
1238,36.5771428571439
1239,22.8257142857146
1240,7.53999999999796
1241,8.99428571428507
1242,14.7142857142848
1243,19.3171428571433
1244,21.6542857142864
1245,24.8828571428567
1246,27.3342857142845
1247,24.9714285714283
1248,17.4485714285714
1249,13.8828571428574
1250,14.3228571428568
1251,14.5028571428578
1252,4.45428571428711
1253,7.69428571428725
1254,25.8685714285712
1255,40.5514285714278
1256,39.4914285714287
1257,24.237142857143
1258,15.6314285714281
1259,13.685714285713
1260,14.4599999999999
1261,13.8199999999997
1262,15.4171428571426
1263,20.2342857142859
1264,26.0771428571432
1265,24.1571428571428
1266,19.9228571428583
1267,16.5399999999994
1268,16.1999999999993
1269,14.0542857142864
1270,10.9142857142855
1271,13.1828571428581
1272,18.9428571428565
1273,30.5400000000001
1274,34.5285714285717
1275,30.3028571428571
1276,14.6657142857141
1277,1.41428571428551
1278,2.80000000000073
1279,13.1799999999996
1280,28.271428571429
1281,33.2657142857133
1282,31.2199999999997
1283,26.1085714285713
1284,23.1342857142859
1285,18.628571428571
1286,17.6228571428561
1287,17.1028571428564
1288,13.6400000000001
1289,13.4714285714275
1290,16.1
1291,17.6771428571417
1292,22.6771428571417
1293,30.1028571428556
1294,32.6285714285717
1295,32.9028571428593
1296,22.2714285714297
1297,7.82285714285827
1298,-2.73714285714304
1299,6.23714285714232
1300,22.4142857142862
1301,35.4600000000006
1302,33.0400000000009
1303,20.5228571428554
1304,15.9314285714274
1305,13.1542857142857
1306,13.7714285714297
1307,15.0657142857162
1308,27.1800000000003
1309,39.491428571428
1310,35.5657142857126
1311,18.4314285714296
1312,0.751428571427823
1313,8.45999999999986
1314,27.6514285714307
1315,36.3428571428565
1316,27.2400000000009
1317,11.5657142857155
1318,8.87428571428609
1319,10.6971428571429
1320,11.3028571428571
1321,5.36571428571478
1322,7.17428571428536
1323,17.919999999999
1324,30.7428571428565
1325,39.9771428571432
1326,40.0685714285712
1327,29.4142857142862
1328,22.6200000000004
1329,16.9457142857151
1330,13.7199999999997
1331,10.3057142857135
1332,8.65714285714348
1333,7.59428571428507
1334,9.60000000000073
1335,24.308571428572
1336,33.9885714285723
1337,36.2257142857146
1338,25.4571428571428
1339,17.3657142857148
1340,18.0657142857148
1341,25.9314285714281
1342,29.4342857142867
1343,21.2114285714291
1344,11.1114285714291
1345,7.18285714285666
1346,14.4257142857132
1347,22.591428571428
1348,28.9314285714281
1349,25.4885714285716
1350,22.7228571428575
1351,24.9371428571416
1352,28.3057142857142
1353,19.519999999999
1354,8.52000000000044
1355,10.271428571429
1356,15.9457142857136
1357,26.308571428572
1358,31.05142857143
1359,28.1828571428567
1360,25.8942857142851
1361,24.1457142857143
1362,23.257142857142
1363,22.0800000000003
1364,21.9085714285713
1365,16.5485714285714
1366,10.5914285714287
1367,10.8657142857148
1368,11.5171428571433
1369,14.8228571428561
1370,26.0057142857135
1371,34.3800000000003
1372,31.6028571428571
1373,20.4942857142843
1374,21.2857142857152
1375,39.6828571428574
1376,39.7571428571435
1377,20.9457142857143
1378,2.16285714285768
1379,6.89142857143015
1380,22.6400000000016
1381,20.757142857142
1382,1.9542857142842
1383,-9.33428571428594
1384,1.20857142857203
1385,26.5057142857149
1386,42.7771428571439
1387,41.2828571428567
1388,23.6257142857132
1389,15.6085714285706
1390,27.8542857142835
1391,40.4285714285703
1392,40.9028571428564
1393,21.8714285714283
1394,7.79428571428653
1395,3.15142857142928
1396,6.86285714285696
1397,17.9542857142864
1398,26.7742857142868
1399,27.0000000000015
1400,19.6799999999996
1401,17.8714285714283
1402,25.8142857142848
1403,34.9885714285716
1404,32.5000000000007
1405,27.091428571428
1406,25.4742857142846
1407,20.5114285714277
1408,11.0457142857158
1409,1.65714285714421
1410,4.76285714285696
1411,17.7599999999999
1412,30.7457142857136
1413,32.5771428571425
1414,27.9857142857145
1415,20.7257142857154
1416,14.1771428571417
1417,23.0257142857132
1418,31.3171428571433
1419,30.7314285714296
1420,23.3057142857157
1421,18.5485714285722
1422,18.5028571428564
1423,20.2399999999994
1424,21.208571428572
1425,27.4514285714286
1426,41.2714285714283
1427,42.4857142857145
1428,24.1971428571429
1429,-3.43428571428376
1430,-10.4914285714287
1431,5.77999999999956
1432,31.185714285713
1433,37.3085714285698
1434,26.6485714285715
1435,19.1685714285719
1436,26.2257142857146
1437,31.9514285714286
1438,28.4485714285714
1439,22.2571428571435
1440,17.5657142857133
1441,12.9657142857141
1442,16.8457142857136
1443,26.5971428571429
1444,38.8742857142854
1445,34.6942857142851
1446,16.0942857142858
1447,6.46857142857261
1448,10.6457142857143
1449,25.7542857142871
1450,22.1885714285716
1451,23.2942857142851
1452,17.8971428571414
1453,17.9028571428564
1454,15.7257142857146
1455,11.1257142857146
1456,17.4400000000001
1457,24.2828571428567
1458,29.9971428571422
1459,26.1257142857146
1460,20.0314285714274
1461,15.3200000000004
1462,18.3942857142858
1463,31.5514285714286
1464,39.2685714285719
1465,28.7742857142846
1466,8.83142857142884
1467,-0.131428571427386
1468,22.4057142857149
1469,50.8857142857138
1470,62.4314285714288
1471,40.6485714285729
1472,13.4314285714296
1473,1.1057142857142
1474,7.34857142857072
1475,14.2485714285714
1476,18.0800000000003
1477,25.7599999999984
1478,25.0457142857129
1479,17.4399999999987
1480,4.82857142857101
1481,2.26571428571551
1482,23.6085714285728
1483,41.9000000000015
1484,39.0257142857139
1485,28.9828571428581
1486,29.2085714285713
1487,35.7914285714287
1488,26.0114285714299
1489,8.04571428571508
1490,0.62857142857174
1491,17.9971428571407
1492,37.4285714285725
1493,27.5371428571438
1494,11.0942857142858
1495,11.0828571428574
1496,24.3599999999991
1497,32.1628571428577
1498,25.8228571428568
1499,27.8314285714288
1500,31.6342857142852
1501,34.3114285714284
1502,23.7085714285706
1503,5.77428571428609
1504,1.16857142857116
1505,11.928571428571
1506,30.0057142857142
1507,40.3057142857135
1508,31.942857142858
1509,13.2542857142857
1510,-1.54285714285652
1511,9.86285714285696
1512,30.308571428572
1513,47.4085714285713
1514,50.2828571428574
1515,36.1885714285716
1516,15.4457142857143
1517,1.65142857143001
1518,7.81428571428551
1519,26.2428571428558
1520,42.5114285714284
1521,39.7999999999985
1522,21.2885714285709
1523,6.81714285714261
1524,13.1914285714294
1525,25.0542857142864
1526,31.1685714285733
1527,28.7228571428575
1528,25.5828571428567
1529,25.6142857142848
1530,26.3171428571419
1531,24.580000000001
1532,21.1571428571442
1533,30.1028571428586
1534,29.2685714285712
1535,24.0657142857133
1536,19.9885714285709
1537,15.2457142857158
1538,14.2600000000013
1539,7.3085714285713
1540,12.1514285714293
1541,24.6314285714274
1542,43.1571428571428
1543,46.4028571428571
1544,39.6171428571441
1545,28.5485714285736
1546,13.3399999999994
1547,10.2371428571416
1548,12.0314285714281
1549,16.3057142857142
1550,22.114285714287
1551,19.5028571428571
1552,16.7771428571425
1553,9.96571428571333
1554,7.09999999999927
1555,10.7200000000004
1556,26.5371428571445
1557,46.1828571428574
1558,51.6742857142854
1559,47.9257142857139
1560,35.04857142857
1561,25.6485714285729
1562,13.4600000000006
1563,16.4857142857145
1564,25.808571428572
1565,34.4999999999993
1566,35.4857142857138
1567,19.2428571428558
1568,8.48285714285812
1569,3.80571428571348
1570,17.5057142857142
1571,26.9771428571432
1572,32.6571428571435
1573,25.5000000000015
1574,13.562857142857
1575,18.5314285714288
1576,23.9542857142849
1577,34.8457142857129
1578,30.3142857142841
1579,23.7685714285697
1580,20.0999999999993
1581,20.1314285714281
1582,17.3971428571436
1583,18.6485714285722
1584,23.95142857143
1585,25.7314285714303
1586,31.4914285714294
1587,36.4057142857164
1588,37.8657142857148
1589,33.228571428571
1590,24.211428571427
1591,15.9742857142854
1592,14.3542857142864
1593,18.4085714285728
1594,14.3314285714281
1595,22.0999999999978
1596,31.9171428571426
1597,39.0685714285712
1598,30.8200000000004
1599,21.1714285714283
1600,19.4171428571426
1601,30.0542857142857
1602,38.5514285714307
1603,30.5571428571442
1604,22.9999999999993
1605,23.3828571428552
1606,32.5057142857127
1607,21.9314285714303
1608,7.8485714285729
1609,0.840000000000873
1610,21.4885714285716
1611,41.7599999999999
1612,43.1999999999993
1613,33.1199999999997
1614,24.7600000000006
1615,25.337142857143
1616,17.0542857142857
1617,8.93999999999869
1618,8.17999999999811
1619,14.8799999999988
1620,23.3142857142862
1621,22.8628571428577
1622,22.7371428571416
1623,17.1828571428559
1624,15.4314285714288
1625,17.0828571428574
1626,29.5657142857148
1627,43.9800000000017
1628,49.1200000000004
1629,46.4314285714296
1630,28.5285714285717
1631,10.2342857142852
1632,0.219999999999709
1633,13.5114285714277
1634,36.0171428571426
1635,37.828571428571
1636,24.3314285714296
1637,11.414285714287
1638,13.0800000000003
1639,23.5685714285719
1640,33.7257142857132
1641,46.6371428571401
1642,44.9399999999987
1643,35.219999999999
1644,20.1657142857155
1645,20.0942857142873
1646,23.8885714285709
1647,17.4400000000001
1648,17.0885714285694
1649,27.5971428571422
1650,36.1285714285717
1651,30.9371428571445
1652,11.6085714285728
1653,5.05428571428711
1654,16.3542857142864
1655,29.4514285714286
1656,33.2514285714278
1657,37.5657142857133
1658,41.0742857142854
1659,30.9542857142857
1660,17.9971428571436
1661,13.4371428571423
1662,32.4771428571417
1663,48.8685714285712
1664,45.2200000000012
1665,18.108571428572
1666,8.7885714285716
1667,15.6057142857142
1668,32.6457142857129
1669,37.0057142857157
1670,22.3114285714291
1671,14.6685714285719
1672,14.5171428571419
1673,23.0371428571416
1674,23.5000000000015
1675,25.4628571428577
1676,17.9571428571435
1677,13.3628571428577
1678,8.3085714285713
1679,13.6085714285728
1680,29.2342857142867
1681,41.419999999999
1682,37.4428571428558
1683,16.5428571428558
1684,5.97999999999884
1685,9.61142857142841
1686,32.1542857142864
1687,46.8800000000003
1688,42.7114285714291
1689,27.7571428571442
1690,27.628571428571
1691,43.2485714285715
1692,50.7000000000007
1693,33.2428571428572
1694,10.3857142857152
1695,8.55428571428565
1696,21.3857142857145
1697,38.957142857142
1698,33.219999999999
1699,18.6399999999994
1700,11.2457142857136
1701,24.3657142857162
1702,37.0742857142868
1703,39.4657142857148
1704,32.2657142857141
1705,25.7142857142855
1706,34.1971428571429
1707,38.0542857142857
1708,32.0799999999996
1709,14.8257142857139
1710,14.3
1711,23.5314285714288
1712,31.0114285714291
1713,27.4657142857148
1714,19.5457142857151
1715,25.4771428571432
1716,35.4285714285717
1717,39.5171428571433
1718,31.0114285714284
1719,15.4942857142858
1720,6.25714285714203
1721,3.48857142857087
1722,12.4342857142867
1723,22.5314285714296
1724,29.1400000000001
1725,34.0571428571442
1726,38.771428571429
1727,39.9800000000003
1728,31.1200000000004
1729,21.3971428571407
1730,22.0142857142855
1731,28.0399999999987
1732,28.6714285714283
1733,23.4428571428565
1734,16.5971428571429
1735,16.5171428571441
1736,29.5228571428583
1737,36.6600000000013
1738,29.9971428571436
1739,12.6942857142865
1740,7.80571428571129
1741,20.3714285714275
1742,36.2057142857135
1743,42.0914285714272
1744,29.8142857142884
1745,29.0542857142857
1746,29.774285714289
1747,31.6457142857158
1748,26.8285714285703
1749,24.5400000000009
1750,26.5514285714293
1751,31.511428571427
1752,30.2942857142858
1753,26.068571428569
1754,18.6657142857148
1755,10.9342857142881
1756,16.0342857142867
1757,27.0914285714272
1758,43.6971428571414
1759,41.2914285714287
1760,31.0485714285707
1761,18.2057142857142
1762,19.0828571428559
1763,26.1742857142861
1764,31.5942857142858
1765,30.6085714285728
1766,30.2428571428609
1767,22.5514285714293
1768,15.7799999999988
1769,7.50571428571275
1770,8.72571428571246
1771,23.8114285714299
1772,40.8800000000017
1773,47.5171428571426
1774,38.0885714285701
1775,34.9199999999983
1776,35.2799999999988
1777,38.3114285714284
1778,26.7257142857154
1779,16.3857142857159
1780,15.3942857142873
1781,32.3914285714272
1782,43.8742857142861
1783,36.8742857142875
1784,26.1800000000017
1785,19.3142857142884
1786,23.8514285714278
1787,16.6114285714255
1788,13.5800000000003
1789,22.3542857142849
1790,36.1771428571446
1791,39.6999999999985
1792,23.2542857142849
1793,16.9999999999985
1794,26.5457142857165
1795,42.9485714285707
1796,45.4285714285725
1797,27.6514285714293
1798,14.5914285714272
1799,3.15428571428492
1800,11.057142857142
1801,18.1599999999991
1802,31.5342857142867
1803,39.6400000000009
1804,33.9885714285716
1805,29.0828571428574
1806,19.6885714285716
1807,21.2542857142849
1808,18.8685714285719
1809,22.842857142858
1810,24.8514285714278
1811,33.8571428571435
1812,42.9714285714275
1813,42.5257142857139
1814,38.0657142857162
1815,33.7457142857151
1816,29.8228571428554
1817,34.3771428571417
1818,40.785714285713
1819,28.6457142857136
1820,8.21428571428551
1821,3.23428571428376
1822,21.1514285714293
1823,35.957142857142
1824,40.9142857142855
1825,28.2371428571438
1826,19.7514285714307
1827,23.3000000000029
1828,26.0457142857136
1829,39.725714285711
1830,47.9742857142846
1831,41.2742857142861
1832,11.8828571428574
1833,-10.7800000000003
1834,-5.12285714285681
1835,20.4571428571406
1836,40.6057142857128
1837,40.2199999999968
1838,38.4
1839,37.5685714285733
1840,36.0142857142884
1841,27.1914285714302
1842,17.7057142857113
1843,8.65428571428638
1844,19.331428571431
1845,40.3457142857165
1846,51.6314285714296
1847,44.9628571428548
1848,16.957142857142
1849,7.48285714285739
1850,20.4885714285716
1851,43.3828571428574
1852,41.8314285714267
1853,22.3228571428554
1854,15.2257142857125
1855,24.2628571428577
1856,46.3171428571455
1857,52.7771428571432
1858,44.4714285714275
1859,35.2999999999985
1860,28.6142857142855
1861,21.2342857142896
1862,12.0285714285768
1863,8.80000000000291
1864,21.8742857142861
1865,36.228571428571
1866,38.1542857142849
1867,20.2628571428562
1868,16.2371428571423
1869,27.5028571428556
1870,35.9314285714267
1871,25.2142857142855
1872,2.83999999999942
1873,9.13142857142957
1874,31.3657142857162
1875,50.3600000000006
1876,43.7171428571426
1877,28.971428571429
1878,17.7314285714296
1879,14.2885714285716
1880,15.6942857142873
1881,18.3742857142861
1882,26.6942857142873
1883,38.3971428571429
1884,51.4857142857145
1885,53.7457142857136
1886,46.1599999999991
1887,31.4942857142843
1888,24.8971428571444
1889,22.5800000000003
1890,24.0142857142841
1891,21.1285714285696
1892,25.2485714285707
1893,26.4571428571435
1894,29.0885714285745
1895,36.342857142858
1896,40.5714285714319
1897,39.8485714285722
1898,28.1399999999994
1899,18.6657142857119
1900,15.2457142857107
1901,22.2657142857133
1902,28.5885714285716
1903,28.0457142857165
1904,18.6971428571444
1905,21.8657142857162
1906,26.5857142857145
1907,36.7199999999997
1908,29.328571428571
1909,28.6771428571403
1910,34.868571428569
1911,39.3342857142823
1912,41.2428571428565
1913,32.1628571428606
1914,41.5457142857165
1915,38.4714285714304
1916,24.7199999999997
1917,7.81999999999971
1918,12.9199999999983
1919,32.2799999999974
1920,39.6657142857119
1921,36.0742857142875
1922,36.1057142857171
1923,43.0571428571435
1924,40.871428571429
1925,27.9628571428548
1926,11.2428571428551
1927,10.0342857142852
1928,15.6571428571435
1929,23.2342857142881
1930,28.8685714285733
1931,32.0828571428574
1932,31.7885714285701
1933,30.1142857142841
1934,24.3085714285698
1935,18.5257142857125
1936,23.1628571428577
1937,35.3942857142858
1938,50.5657142857148
1939,52.188571428573
1940,40.4342857142838
1941,21.8800000000017
1942,19.0257142857168
1943,23.4400000000023
1944,26.0714285714304
1945,24.0485714285693
1946,21.9771428571417
1947,29.4914285714302
1948,27.3285714285725
1949,16.585714285713
1950,0.0571428571434808
1951,8.80000000000146
1952,36.1
1953,52.4742857142846
1954,49.9942857142829
1955,37.3599999999977
1956,37.242857142858
1957,40.1628571428591
1958,31.3485714285736
1959,16.271428571429
1960,8.37142857142462
1961,23.8828571428559
1962,29.7742857142846
1963,33.3628571428577
1964,36.8228571428568
1965,39.8085714285713
1966,36.5599999999977
1967,24.9371428571438
1968,24.8914285714287
1969,25.5857142857174
1970,24.185714285716
1971,13.5171428571441
1972,20.9514285714307
1973,38.6771428571417
1974,49.9542857142864
1975,37.8828571428545
1976,29.3771428571432
1977,32.0400000000009
1978,43.3228571428554
1979,47.7085714285698
1980,35.0542857142835
1981,26.0942857142873
1982,19.4257142857154
1983,30.011428571427
1984,34.9200000000026
1985,37.0571428571449
1986,27.0685714285733
1987,14.9914285714302
1988,9.65428571428492
1989,7.77714285714173
1990,12.6000000000015
1991,14.9599999999977
1992,24.4457142857165
1993,35.2171428571426
1994,48.2542857142864
1995,57.9457142857165
1996,52.1971428571429
1997,36.914285714284
1998,21.3685714285704
1999,7.25714285714348
2000,2.26571428571478

