0,14419.64
1,32749.7571428571
2,49741.0485714286
3,54795.9285714286
4,45868.7571428571
5,29921.6828571429
6,15314.3228571429
7,5814.48
8,289.034285714285
9,-2496.08571428572
10,-4098.89714285714
11,-5469.48000000001
12,-6864.64571428571
13,-8333.24571428572
14,-9896.83428571429
15,-11217.1914285714
16,-11933.1228571429
17,-11847.8028571429
18,-11101.1057142857
19,-9897.74857142857
20,-8403.94285714285
21,-6955.32285714286
22,-5781.46571428572
23,-4801.63714285714
24,-3829.51142857143
25,-2855.54285714286
26,-2054.20571428571
27,-1557.26285714286
28,-1215.15428571428
29,-822.454285714289
30,-398.791428571427
31,-23.0942857142829
32,336.671428571438
33,591.660000000003
34,701.202857142859
35,672.482857142855
36,564.577142857135
37,487.71142857142
38,502.679999999993
39,636.908571428561
40,792.445714285719
41,941.33714285715
42,1020.84571428572
43,1047.11428571429
44,966.802857142862
45,814.497142857144
46,760.825714285712
47,875.577142857143
48,1114.98857142857
49,1332.23714285715
50,1678.73999999999
51,2335.22285714286
52,3238.62
53,3790.83142857143
54,3490.35714285715
55,2320.55428571427
56,728.277142857143
57,-729.18571428571
58,-1755.70285714287
59,-2263.94285714287
60,-2341.16571428571
61,-1991.03428571429
62,-1393.08
63,-663.537142857141
64,57.7800000000105
65,673.237142857147
66,1039.73714285714
67,1115.53714285714
68,1096.32571428571
69,1085.27428571429
70,1133.60285714287
71,1177.58285714287
72,1252.66
73,1417.54571428572
74,1600.80857142856
75,1799.53999999999
76,2064.97999999999
77,2453.99428571428
78,2860.71714285715
79,3070.40000000001
80,3075.4342857143
81,3085.9857142857
82,3319.27142857142
83,3807.67428571428
84,4364.51714285715
85,4666.07428571429
86,4380.16285714285
87,3289.65142857142
88,1272.36857142856
89,-1902.70571428572
90,-5950.11142857144
91,-9967.29428571428
92,-12499.92
93,-12611.8114285714
94,-10450.2
95,-7039.75142857142
96,-3716.06857142858
97,-1304.96285714287
98,-142.328571428568
99,166.259999999998
100,163.860000000003
101,156.665714285721
102,188.059999999998
103,169.505714285717
104,157.388571428566
105,148.525714285707
106,154.257142857142
107,154.602857142856
108,130.542857142858
109,112.185714285716
110,27.8114285714226
111,30.0257142857183
112,114.877142857143
113,291.757142857136
114,401.920000000001
115,358.965714285721
116,250.811428571428
117,148.554285714286
118,169.27142857142
119,283.38857142856
120,438.55714285713
121,486.897142857144
122,424.488571428583
123,374.462857142877
124,361.448571428581
125,369.059999999998
126,312.654285714286
127,243.368571428565
128,244.288571428572
129,275.728571428574
130,336.702857142844
131,314.145714285714
132,348.285714285704
133,328.971428571426
134,282.385714285722
135,209.651428571425
136,186.240000000008
137,256.791428571433
138,268.597142857144
139,324.362857142853
140,363.062857142859
141,398.337142857141
142,279.008571428573
143,75.9228571428626
144,-25.4857142857101
145,0.588571428565774
146,143.654285714281
147,287.811428571428
148,392.902857142856
149,439.631428571435
150,354.328571428586
151,131.022857142857
152,-15.5600000000035
153,39.6399999999849
154,186.148571428569
155,286.248571428575
156,359.251428571425
157,337.188571428583
158,267.585714285716
159,199.262857142859
160,162.702857142867
161,261.137142857141
162,351.385714285716
163,287.865714285715
164,105.694285714289
165,49.242857142858
166,48.7799999999988
167,71.9285714285739
168,96.2314285714237
169,169.282857142849
170,302.914285714284
171,354.028571428568
172,302.608571428573
173,232.542857142864
174,318.194285714283
175,373.382857142855
176,296.411428571423
177,114.634285714274
178,7.33999999999651
179,53.3342857142852
180,198.62857142858
181,327.331428571435
182,288.048571428575
183,191.580000000005
184,107.222857142863
185,137.325714285707
186,193.291428571421
187,246.154285714281
188,269.362857142853
189,273.83142857143
190,315.808571428567
191,257.362857142853
192,168.265714285715
193,81.9914285714331
194,77.0171428571513
195,205.520000000007
196,346.691428571427
197,423.268571428565
198,268.811428571428
199,25.6714285714319
200,-124.691428571421
201,-114.531428571424
202,40.2457142857194
203,122.877142857149
204,165.697142857144
205,156.354285714286
206,230.588571428577
207,327.79714285715
208,350.242857142852
209,345.545714285714
210,329.294285714277
211,397.028571428568
212,424.408571428584
213,352.991428571433
214,75.8199999999953
215,-247.751428571431
216,-368.262857142859
217,-234.334285714285
218,4.22285714286263
219,113.511428571434
220,61.6571428571362
221,-59.0999999999942
222,-36.3342857142794
223,126.902857142856
224,299.108571428567
225,338.854285714286
226,211.21428571429
227,46.7800000000105
228,64.977142857149
229,213.694285714289
230,272.599999999994
231,262.037142857141
232,178.951428571425
233,135.454285714292
234,123.762857142859
235,126.902857142861
236,100.051428571431
237,97.9428571428521
238,147.634285714285
239,159.425714285712
240,164
241,183.977142857137
242,208.677142857143
243,261.394285714283
244,225.405714285711
245,163.288571428572
246,164.668571428565
247,228.959999999992
248,278.642857142852
249,191.694285714295
250,114.602857142867
251,13.754285714298
252,-20.8257142857066
253,-3.2714285714319
254,140.379999999993
255,299.562857142859
256,398.220000000001
257,348.228571428568
258,191.131428571424
259,97.4857142857043
260,32.8257142857241
261,87.7942857142945
262,148.742857142864
263,205.954285714281
264,169.428571428556
265,117.968571428565
266,118.017142857134
267,178.974285714288
268,262.731428571435
269,236.208571428573
270,238.671428571438
271,232.68285714286
272,242.228571428574
273,221.16857142857
274,178.337142857135
275,106.505714285705
276,44.9514285714307
277,51.3428571428522
278,59.2799999999988
279,106.037142857141
280,85.2314285714296
281,59.9057142857229
282,100.620000000001
283,251.197142857144
284,366.991428571433
285,417.477142857143
286,397.53142857143
287,303.177142857137
288,159.528571428568
289,67.3971428571502
290,86.7057142857055
291,131.714285714278
292,160.580000000005
293,113.682857142849
294,86.4828571428603
295,99.8714285714144
296,117.311428571423
297,114.997142857144
298,140.885714285716
299,187.091428571427
300,196.82857142858
301,211.537142857153
302,244.01999999999
303,318.688571428572
304,372.008571428579
305,313.831428571441
306,189.380000000005
307,104.754285714275
308,140.045714285702
309,202.78285714286
310,234.351428571437
311,144.902857142861
312,55.2800000000047
313,94.740000000014
314,233.92857142858
315,318.814285714278
316,221.440000000008
317,81.5514285714249
318,24.2199999999953
319,144.702857142861
320,261.951428571442
321,290.182857142854
322,204.657142857136
323,107.094285714283
324,90.7399999999965
325,123.671428571432
326,206.29714285715
327,255.568571428576
328,253.142857142864
329,197.702857142861
330,222.757142857142
331,277.194285714277
332,304.645714285702
333,253.282857142843
334,138.408571428567
335,134.194285714295
336,211.359999999998
337,257.511428571428
338,192.411428571423
339,94.0800000000105
340,38.3657142857206
341,64.1942857142771
342,199.10285714285
343,307.7
344,313.831428571424
345,247.628571428586
346,218.745714285714
347,225.854285714292
348,169.762857142859
349,48.3057142857113
350,-6.89142857142724
351,63.422857142851
352,191.788571428572
353,240.068571428576
354,222.240000000008
355,204.0942857143
356,240.842857142864
357,226.151428571431
358,213.099999999994
359,154.737142857141
360,75.7599999999977
361,78.0599999999977
362,169.448571428581
363,293.422857142857
364,297.040000000002
365,243.391428571427
366,102.445714285714
367,78.4514285714249
368,204.3
369,337.774285714299
370,318.417142857151
371,191.965714285715
372,82.8342857142736
373,145.945714285702
374,315.054285714281
375,425.031428571418
376,413.66857142857
377,308.857142857148
378,144.454285714281
379,-0.902857142849825
380,4.90285714284983
381,95.3657142857031
382,180.63142857143
383,205.520000000001
384,229.734285714279
385,261.625714285712
386,242.577142857143
387,213.48571428571
388,198.474285714276
389,227.831428571435
390,282.782857142849
391,298.348571428575
392,296.225714285712
393,208.411428571428
394,107.697142857144
395,18.8371428571467
396,100.56857142857
397,238.594285714283
398,330.554285714281
399,315.717142857128
400,212.691428571427
401,204.442857142858
402,228.174285714288
403,283.111428571434
404,284.874285714293
405,283.702857142856
406,223.894285714289
407,141.748571428569
408,118.485714285728
409,157.168571428565
410,232.41714285714
411,308.094285714271
412,333.694285714289
413,252.528571428586
414,112.528571428574
415,78.7599999999977
416,221.514285714278
417,334.765714285715
418,289.71142857144
419,132.802857142856
420,142.288571428577
421,286.894285714283
422,427.728571428568
423,432.520000000001
424,252.391428571421
425,55.8171428571397
426,-66.6628571428475
427,15.3542857142806
428,221.542857142864
429,365.797142857144
430,379.854285714292
431,281.317142857151
432,253.445714285714
433,235.165714285703
434,202.968571428565
435,190.108571428567
436,205.945714285714
437,384.554285714275
438,436.342857142864
439,323.254285714304
440,93.3228571428568
441,5.89428571428289
442,117.320000000001
443,190.577142857155
444,244.591428571433
445,242.09714285715
446,227.905714285717
447,137.551428571437
448,80.6800000000047
449,154.245714285725
450,348.274285714282
451,477.271428571426
452,394.525714285707
453,173.237142857129
454,32.6314285714296
455,78.7228571428568
456,281.394285714295
457,451.388571428577
458,488.920000000001
459,454.819999999995
460,336.397142857133
461,237.422857142851
462,157.557142857142
463,202.480000000016
464,304.968571428576
465,311.159999999998
466,184.122857142851
467,39.7914285714272
468,61.2171428571455
469,190.659999999992
470,314.688571428566
471,401.794285714283
472,403.797142857144
473,351.597142857144
474,221.677142857143
475,196.394285714289
476,272.55714285713
477,333.919999999995
478,311.934285714291
479,226.322857142863
480,230.445714285719
481,288.908571428573
482,232.291428571421
483,72.1314285714179
484,21.9885714285541
485,124.582857142854
486,365.448571428575
487,562.908571428567
488,559.28000000001
489,297.52857142858
490,-16.3114285714284
491,-129.58857142856
492,56.5942857142887
493,393.871428571438
494,532.291428571433
495,445.457142857136
496,255.579999999999
497,124.377142857143
498,84.7142857143015
499,143.717142857134
500,274.297142857133
501,377.682857142843
502,459.634285714274
503,417.942857142864
504,328.151428571431
505,267.062857142859
506,298.897142857162
507,216.291428571427
508,144.985714285728
509,134.114285714296
510,197.454285714269
511,301.714285714272
512,243.711428571417
513,126.845714285725
514,31.8514285714249
515,172.979999999993
516,293.745714285708
517,405.505714285705
518,462.534285714297
519,392.022857142857
520,324.237142857147
521,277.688571428566
522,274.582857142854
523,257.188571428566
524,244.648571428563
525,178.33142857143
526,147.28571428571
527,180.614285714284
528,246.282857142854
529,324.11428571429
530,379.208571428573
531,368.71428571429
532,302.188571428572
533,296.779999999999
534,308.925714285724
535,348.062857142853
536,353.828571428568
537,313.631428571418
538,267.871428571426
539,230.897142857144
540,265.465714285715
541,350.822857142851
542,360.957142857142
543,215.734285714291
544,62.5457142857311
545,50.6028571428673
546,230.58285714286
547,431.6
548,500.325714285712
549,437.194285714283
550,371.174285714276
551,361.274285714264
552,349.994285714277
553,299.794285714283
554,209.88000000001
555,164.328571428586
556,225.925714285712
557,395.405714285711
558,506.377142857149
559,488.399999999994
560,359.314285714284
561,230.945714285702
562,207.137142857135
563,212.574285714288
564,234.737142857152
565,248.811428571452
566,309.960000000009
567,299.628571428574
568,289.365714285709
569,293.039999999997
570,327.479999999993
571,345.022857142851
572,346.208571428567
573,430.688571428566
574,509.91428571429
575,494.465714285703
576,315.222857142851
577,263.857142857148
578,356.488571428583
579,497.762857142865
580,436.345714285702
581,214.374285714282
582,80.4685714285646
583,130.851428571442
584,309.585714285722
585,354.494285714277
586,276.145714285708
587,215.965714285709
588,343.622857142851
589,537.417142857151
590,615.388571428583
591,521.468571428559
592,337.237142857147
593,229.351428571425
594,256.617142857151
595,408.945714285719
596,508.625714285701
597,497.165714285715
598,347.140000000008
599,242.660000000015
600,284.948571428581
601,410.591428571427
602,534.302857142856
603,508.940000000002
604,452.528571428574
605,392.559999999998
606,387.285714285728
607,340.491428571439
608,223.960000000004
609,225.542857142852
610,379.154285714275
611,572.979999999999
612,598.728571428574
613,437.185714285716
614,287.760000000004
615,242.777142857149
616,328.485714285716
617,401.388571428566
618,453.279999999999
619,460.305714285711
620,441.959999999998
621,431.065714285732
622,426.234285714291
623,416.008571428579
624,431.428571428568
625,447.982857142837
626,398.511428571434
627,292.634285714297
628,213.760000000009
629,263.294285714277
630,402.251428571419
631,555.225714285712
632,624.274285714305
633,660.551428571448
634,591.800000000012
635,439.471428571432
636,310.465714285709
637,287.088571428577
638,401.497142857139
639,511.994285714265
640,611.034285714291
641,624.988571428577
642,609.917142857146
643,530.420000000007
644,421.588571428577
645,412.871428571432
646,431.805714285711
647,441.731428571441
648,402.454285714298
649,424.742857142852
650,553.451428571413
651,748.379999999993
652,847.617142857146
653,758.542857142864
654,548.882857142866
655,315.122857142834
656,219.925714285695
657,250.702857142861
658,321.331428571418
659,332.388571428577
660,226.602857142861
661,196.191428571416
662,181.654285714298
663,374.531428571418
664,610.025714285718
665,820.722857142857
666,861.740000000002
667,757.414285714296
668,642.282857142866
669,477.137142857141
670,289.820000000007
671,23.254285714298
672,-144.162857142871
673,-98.014285714319
674,133.394285714277
675,297.939999999991
676,342.362857142882
677,306.682857142866
678,391.239999999991
679,503.274285714282
680,529.388571428554
681,485.994285714289
682,572.334285714279
683,741.814285714284
684,829.211428571434
685,722.711428571434
686,553.845714285702
687,466.762857142859
688,416.325714285718
689,387.577142857155
690,303.69714285715
691,308.439999999991
692,295.591428571427
693,316.014285714272
694,423.762857142871
695,535.080000000016
696,626.082857142854
697,679.811428571423
698,770.934285714291
699,911.117142857134
700,1064.20571428571
701,1106.60857142858
702,926.817142857157
703,592.948571428563
704,191.654285714275
705,-105.720000000007
706,-138.688571428554
707,21.3228571428568
708,172.494285714289
709,-41.3628571428708
710,-617.171428571432
711,-1386.16285714285
712,-2010.18857142859
713,-2290.29714285715
714,-2163.46857142858
715,-1765.59714285714
716,-1239.27428571428
717,-775.045714285714
718,-460.694285714289
719,-308.791428571439
720,-236.771428571432
721,-144.662857142847
722,-59.3085714285611
723,37.3371428571525
724,87.4057142857229
725,259.137142857141
726,460.257142857125
727,619.940000000002
728,583.462857142859
729,328.511428571446
730,-1.70285714284983
731,-285.174285714282
732,-363.265714285709
733,-182.639999999991
734,91.6971428571385
735,234.965714285709
736,252.754285714298
737,304.774285714305
738,397.362857142859
739,423.291428571416
740,379.919999999984
741,457.16857142857
742,717.411428571446
743,952.034285714291
744,983.722857142857
745,820.405714285711
746,638.437142857118
747,567.905714285723
748,636.568571428547
749,729.562857142848
750,691.188571428589
751,545.168571428582
752,378.774285714293
753,321.042857142864
754,294.280000000005
755,242.040000000002
756,112.034285714279
757,75.5514285714249
758,210.239999999991
759,485.774285714293
760,751.985714285728
761,881.900000000023
762,914.074285714293
763,993.217142857122
764,1364.75142857141
765,2007.35142857144
766,2699.28285714287
767,2840.38857142857
768,1950.22571428572
769,227.974285714282
770,-1495.13428571429
771,-2386.77428571428
772,-2179.4857142857
773,-1275.64857142855
774,-418.63142857143
775,-209.317142857146
776,-847.657142857159
777,-1946.44571428574
778,-2778.40857142856
779,-2974.33428571427
780,-2690.99714285712
781,-2263.72571428572
782,-1785.1857142857
783,-1222.85142857143
784,-644.611428571423
785,-283.614285714284
786,-300.500000000012
787,-582.897142857162
788,-887.108571428596
789,-945.005714285711
790,-637.340000000014
791,-145.419999999995
792,174.634285714291
793,204.105714285723
794,84.7514285714365
795,40.8714285714319
796,84.4314285714179
797,44.439999999979
798,-21.9085714285728
799,6.01714285713388
800,145.845714285725
801,358.234285714303
802,539.434285714291
803,646.922857142857
804,637.511428571411
805,546.037142857129
806,368.022857142845
807,222.057142857159
808,275.348571428575
809,488.942857142864
810,810.348571428575
811,1023.63428571428
812,1024.33428571428
813,908.197142857138
814,846.697142857138
815,951.025714285718
816,1153.3
817,1278.67714285718
818,1213.16000000002
819,912.86857142857
820,510.065714285721
821,152.528571428533
822,-58.2599999999977
823,-139.000000000023
824,-121.648571428575
825,-179.422857142857
826,-308.928571428568
827,-378.462857142836
828,-269.271428571432
829,-48.5914285714389
830,284.597142857115
831,722.702857142838
832,1171.16857142859
833,1584.00000000001
834,1941.7942857143
835,2648.28571428573
836,3816.4942857143
837,5373.18571428572
838,6564.64857142856
839,6458.02285714286
840,4163.72857142857
841,-37.8885714285658
842,-4567.26571428571
843,-7564.20571428571
844,-8365.27142857143
845,-7793.07714285716
846,-6840.33142857143
847,-5882.59428571429
848,-4703.61428571428
849,-3437.87142857143
850,-2236.89999999999
851,-1350.3657142857
852,-667.83142857143
853,-232.848571428598
854,36.4971428571385
855,170.768571428547
856,187.102857142885
857,69.7828571428661
858,-294.328571428556
859,-696.862857142871
860,-969.860000000021
861,-993.600000000012
862,-966.197142857138
863,-957.679999999993
864,-864.868571428582
865,-720.740000000002
866,-487.071428571444
867,-309.874285714282
868,-65.8428571428638
869,140.322857142845
870,232.339999999991
871,151.488571428589
872,0.845714285736904
873,11.0199999999953
874,67.8514285714366
875,207.648571428552
876,225.282857142854
877,189.654285714275
878,137.179999999981
879,188.988571428566
880,332.665714285709
881,446.622857142868
882,383.057142857159
883,150.905714285723
884,47.7742857142817
885,78.2742857142934
886,163.891428571439
887,235.760000000009
888,330.579999999993
889,428.234285714279
890,404.765714285697
891,255.282857142866
892,68.8057142856997
893,67.9942857142887
894,114.77142857142
895,128.594285714277
896,189.282857142843
897,306.422857142857
898,437.280000000005
899,379.402857142861
900,281.117142857157
901,238.251428571437
902,262.288571428566
903,246.917142857134
904,164.817142857146
905,184.188571428577
906,261.434285714291
907,313.877142857143
908,249.937142857141
909,286.345714285714
910,470.340000000002
911,530.085714285728
912,337.517142857157
913,10.5085714285728
914,-85.3971428571502
915,117.014285714284
916,392.351428571425
917,507.862857142859
918,448.371428571444
919,458.042857142875
920,481.777142857155
921,419.257142857148
922,237.588571428577
923,86.2771428571548
924,107.628571428568
925,117.897142857127
926,164.482857142843
927,218.402857142838
928,330.734285714279
929,372.711428571434
930,271.157142857148
931,175.72571428573
932,205.354285714275
933,359.225714285707
934,381.7057142857
935,333.428571428591
936,311.880000000016
937,304.762857142871
938,231.177142857143
939,139.691428571427
940,83.1771428571432
941,135.225714285707
942,257.70285714285
943,291.291428571427
944,263.211428571423
945,205.394285714277
946,292.808571428561
947,436.854285714275
948,556.508571428573
949,366.851428571448
950,167.651428571437
951,136.717142857134
952,214.814285714284
953,326.768571428594
954,359.917142857157
955,466.565714285721
956,478.47999999997
957,443.811428571423
958,249.648571428575
959,98.9571428571478
960,26.3828571428545
961,46.3742857142817
962,181.759999999998
963,284.02857142858
964,342.03142857143
965,188.085714285716
966,123.362857142848
967,232.885714285728
968,416.397142857139
969,445.014285714296
970,322.951428571425
971,231.865714285709
972,268.037142857118
973,363.342857142841
974,411.085714285716
975,400.862857142859
976,407.29714285715
977,324.69714285715
978,181.517142857146
979,123.171428571444
980,203.965714285721
981,364.891428571427
982,377.222857142834
983,365.528571428568
984,284.32571428573
985,301.785714285728
986,294.522857142868
987,327.748571428575
988,322.13142857143
989,339.288571428554
990,439.737142857129
991,384.00285714285
992,306.740000000014
993,144.437142857129
994,123.608571428573
995,163.308571428561
996,151.808571428561
997,176.02285714288
998,118.005714285711
999,153.720000000007
1000,262.97428571427
1001,437.097142857139
1002,453.96857142857
1003,302.59714285715
1004,160.062857142859
1005,167.082857142854
1006,262.719999999995
1007,376.588571428566
1008,375.471428571432
1009,382.088571428589
1010,333.908571428573
1011,259.805714285711
1012,414.099999999988
1013,651.297142857127
1014,773.997142857139
1015,575.951428571413
1016,338.811428571411
1017,164.045714285702
1018,50.6914285714505
1019,31.3171428571455
1020,40.5085714285844
1021,201.174285714305
1022,359.037142857153
1023,374.922857142857
1024,224.722857142857
1025,147.045714285702
1026,250.837142857153
1027,347.302857142873
1028,349.865714285732
1029,185.314285714307
1030,95.5342857142794
1031,240.577142857143
1032,478.294285714265
1033,572.5
1034,489.92571428573
1035,322.954285714298
1036,264.611428571434
1037,364.171428571432
1038,485.862857142859
1039,469.565714285732
1040,231.3942857143
1041,50.3685714285588
1042,46.7399999999907
1043,253.87142857142
1044,417.419999999995
1045,428.714285714296
1046,335.897142857139
1047,222.1
1048,278.242857142852
1049,367.025714285718
1050,405.017142857157
1051,329.751428571437
1052,295.277142857132
1053,366.345714285702
1054,325.462857142859
1055,79.4800000000279
1056,-51.9228571428452
1057,60.9485714285751
1058,360.682857142843
1059,520.439999999991
1060,495.517142857146
1061,376.448571428598
1062,346.248571428598
1063,335.394285714277
1064,354.839999999991
1065,415.07428571427
1066,436.891428571427
1067,437.279999999993
1068,381.825714285718
1069,314.962857142871
1070,170.419999999995
1071,165.994285714289
1072,255.137142857141
1073,419.14857142854
1074,487.942857142864
1075,421.168571428594
1076,280.814285714319
1077,149.722857142857
1078,163.342857142841
1079,273.357142857125
1080,349.094285714277
1081,331.571428571432
1082,322.00285714285
1083,442.948571428575
1084,520.33142857143
1085,402.785714285728
1086,226.914285714284
1087,170.37142857142
1088,309.725714285707
1089,469.851428571425
1090,513.16857142857
1091,418.760000000009
1092,329.385714285704
1093,197.711428571411
1094,158.908571428573
1095,268.525714285718
1096,442.605714285723
1097,498.222857142857
1098,396.828571428591
1099,273.477142857155
1100,117.048571428575
1101,138.402857142861
1102,250.16857142857
1103,451.205714285735
1104,553.965714285721
1105,467.788571428566
1106,306.07428571427
1107,202.99714285715
1108,261.105714285711
1109,310.52571428573
1110,347.742857142852
1111,348.214285714272
1112,403.428571428568
1113,445.445714285725
1114,470.208571428584
1115,388.394285714289
1116,253.331428571418
1117,208.282857142843
1118,229.837142857118
1119,366.240000000002
1120,459.037142857129
1121,535.802857142862
1122,470.508571428584
1123,331.514285714284
1124,231.545714285714
1125,224.685714285704
1126,314.848571428563
1127,327.16857142857
1128,284.011428571434
1129,227.688571428589
1130,209.145714285702
1131,210.345714285702
1132,274.819999999984
1133,411.154285714275
1134,526.551428571448
1135,539.820000000019
1136,524.148571428587
1137,458.837142857153
1138,341.734285714279
1139,185.331428571441
1140,163.337142857129
1141,287.345714285714
1142,416.820000000007
1143,430.145714285714
1144,366.659999999998
1145,345.294285714277
1146,317.371428571432
1147,257.840000000014
1148,198.434285714291
1149,280.3942857143
1150,375.951428571413
1151,364.079999999981
1152,340.108571428549
1153,359.308571428561
1154,405.942857142875
1155,381.457142857148
1156,292.217142857169
1157,334.440000000002
1158,497.448571428598
1159,584.188571428577
1160,442.391428571416
1161,211.785714285681
1162,80.7371428571292
1163,135.188571428577
1164,263.16857142857
1165,331.414285714296
1166,387.288571428566
1167,476.265714285709
1168,472.448571428587
1169,379.682857142854
1170,311.751428571402
1171,322.245714285725
1172,379.205714285735
1173,306.091428571439
1174,295.680000000016
1175,422.74571428569
1176,547.088571428566
1177,468.499999999988
1178,196.257142857136
1179,139.665714285732
1180,293.139999999991
1181,507.017142857122
1182,474.968571428559
1183,370.362857142847
1184,385.982857142866
1185,410.945714285714
1186,378.951428571425
1187,223.357142857136
1188,215.357142857159
1189,351.068571428582
1190,476.117142857157
1191,464.988571428566
1192,335.794285714277
1193,272.228571428556
1194,326.908571428561
1195,456.994285714265
1196,523.962857142859
1197,553.714285714284
1198,472.011428571434
1199,287.085714285716
1200,37.9114285713993
1201,-12.5628571428591
1202,225.162857142859
1203,653.140000000002
1204,883.337142857164
1205,719.437142857141
1206,492.831428571418
1207,376.377142857132
1208,359.682857142854
1209,308.282857142843
1210,254.654285714275
1211,223.47714285712
1212,285.691428571439
1213,272.877142857155
1214,217.480000000016
1215,220.000000000023
1216,356.011428571434
1217,484.288571428566
1218,414.417142857134
1219,258.780000000005
1220,213.377142857155
1221,429.282857142866
1222,508.811428571423
1223,410.082857142831
1224,302.47142857142
1225,324.054285714263
1226,396.974285714282
1227,321.868571428582
1228,267.431428571441
1229,300.962857142859
1230,447.90285714285
1231,489.494285714277
1232,431.891428571416
1233,435.048571428575
1234,470.45428571431
1235,529.717142857146
1236,529.437142857176
1237,470.254285714298
1238,396.037142857129
1239,349.811428571423
1240,389.568571428536
1241,431.345714285714
1242,425.662857142859
1243,312.788571428577
1244,131.122857142857
1245,48.679999999993
1246,76.1171428571572
1247,195.737142857129
1248,369.63142857143
1249,547.43142857143
1250,738.177142857143
1251,771.520000000019
1252,574.734285714291
1253,283.057142857159
1254,232.122857142857
1255,357.357142857148
1256,385.414285714284
1257,220.757142857136
1258,115.911428571423
1259,247.07142857142
1260,441.237142857141
1261,465.562857142882
1262,351.382857142878
1263,410.588571428577
1264,547.154285714298
1265,633.382857142831
1266,474.26857142857
1267,182.717142857122
1268,7.9571428571362
1269,165.537142857164
1270,490.542857142875
1271,584.591428571439
1272,496.151428571413
1273,366.67142857142
1274,488.211428571411
1275,605.942857142852
1276,472.714285714284
1277,256.079999999993
1278,222.679999999981
1279,364.277142857132
1280,433.448571428563
1281,410.468571428559
1282,342.860000000009
1283,396.482857142866
1284,434.388571428577
1285,366.448571428587
1286,280.577142857143
1287,336.928571428556
1288,427.417142857146
1289,394.077142857143
1290,268.700000000012
1291,240.808571428596
1292,487.279999999993
1293,760.477142857143
1294,769.179999999981
1295,514.322857142845
1296,286.777142857155
1297,243.628571428603
1298,297.805714285735
1299,358.711428571423
1300,408.154285714275
1301,464.208571428561
1302,462.22857142858
1303,302.637142857153
1304,156.797142857139
1305,211.105714285711
1306,390.940000000002
1307,567.422857142834
1308,674.757142857136
1309,656.13142857143
1310,556.214285714261
1311,297.66857142857
1312,28.5771428571199
1313,59.8085714285844
1314,326.222857142892
1315,538.468571428582
1316,491.994285714289
1317,414.180000000005
1318,392.280000000005
1319,488.894285714277
1320,486.082857142866
1321,354.937142857152
1322,411.822857142857
1323,476.66857142857
1324,405.942857142864
1325,170.339999999979
1326,52.6285714285565
1327,218.759999999986
1328,457.465714285721
1329,592.594285714312
1330,560.637142857164
1331,574.397142857162
1332,543.234285714291
1333,437.848571428575
1334,396.480000000005
1335,353.165714285721
1336,456.534285714279
1337,420.822857142868
1338,287.82571428573
1339,224.92857142858
1340,318.268571428582
1341,436.168571428547
1342,354.091428571404
1343,257.971428571409
1344,203.042857142864
1345,404.222857142868
1346,563.848571428563
1347,532.062857142859
1348,452.879999999981
1349,443.848571428552
1350,559.600000000023
1351,610.374285714293
1352,560.07428571427
1353,335.145714285725
1354,189.780000000005
1355,199.477142857166
1356,339.759999999986
1357,503.231428571418
1358,492.128571428603
1359,420.828571428568
1360,415.105714285735
1361,559.711428571399
1362,624.088571428566
1363,466.157142857148
1364,254.725714285707
1365,237.140000000002
1366,490.880000000005
1367,653.454285714286
1368,556.805714285723
1369,265.379999999993
1370,55.179999999993
1371,71.5999999999651
1372,326.614285714249
1373,688.639999999979
1374,854.491428571427
1375,769.037142857153
1376,437.311428571434
1377,212.548571428563
1378,214.825714285718
1379,392.777142857155
1380,510.4942857143
1381,465.259999999974
1382,392.657142857113
1383,393.320000000007
1384,547.83142857143
1385,546.925714285718
1386,462.779999999993
1387,399.414285714284
1388,464.948571428563
1389,524.868571428582
1390,446.980000000016
1391,253.537142857129
1392,82.2714285714203
1393,192.608571428573
1394,458.811428571446
1395,635.142857142875
1396,484.071428571444
1397,242.180000000016
1398,265.60285714285
1399,426.359999999998
1400,496.968571428535
1401,342.437142857141
1402,208.291428571451
1403,292.362857142847
1404,494.282857142866
1405,620.702857142861
1406,653.105714285711
1407,620.857142857148
1408,529.511428571423
1409,438.088571428566
1410,414.025714285695
1411,508.154285714275
1412,561.322857142857
1413,572.028571428568
1414,461.014285714319
1415,437.822857142857
1416,457.968571428559
1417,451.745714285725
1418,419.085714285716
1419,362.771428571432
1420,370.797142857139
1421,435.359999999998
1422,491.082857142866
1423,526.717142857134
1424,435.342857142852
1425,245.37142857142
1426,73.1714285714319
1427,147.351428571425
1428,385.5057142857
1429,513.517142857122
1430,574.894285714265
1431,655.048571428563
1432,737.7942857143
1433,681.53142857143
1434,513.571428571432
1435,319.654285714263
1436,319.134285714303
1437,419.682857142866
1438,480.628571428568
1439,428.879999999993
1440,341.191428571451
1441,316.322857142868
1442,403.074285714282
1443,537.342857142852
1444,516.891428571439
1445,331.617142857146
1446,206.414285714307
1447,299.837142857153
1448,458.637142857141
1449,568.654285714286
1450,486.448571428563
1451,465.674285714282
1452,529.522857142857
1453,551.67142857142
1454,492.7942857143
1455,441.077142857143
1456,517.517142857157
1457,522.548571428563
1458,480.405714285711
1459,319.420000000019
1460,280.442857142841
1461,355.714285714284
1462,509.274285714282
1463,634.945714285714
1464,714.52857142858
1465,609.882857142831
1466,386.114285714284
1467,352.42857142858
1468,434.448571428598
1469,453.348571428598
1470,384.771428571432
1471,468.728571428556
1472,626.599999999988
1473,600.711428571458
1474,364.23142857143
1475,187.454285714321
1476,324.788571428566
1477,462.000000000012
1478,433.794285714289
1479,379.739999999967
1480,506.354285714286
1481,753.839999999979
1482,826.205714285711
1483,738.171428571444
1484,474.028571428568
1485,237.342857142864
1486,140.462857142882
1487,298.234285714303
1488,591.071428571444
1489,713.102857142838
1490,662.568571428547
1491,463.008571428573
1492,336.480000000016
1493,326.391428571451
1494,366.645714285725
1495,457.008571428573
1496,517.908571428573
1497,571.417142857122
1498,520.665714285674
1499,479.557142857136
1500,473.245714285714
1501,476.940000000002
1502,374.328571428556
1503,364.637142857164
1504,586.30285714285
1505,883.559999999998
1506,999.837142857176
1507,785.279999999981
1508,502.840000000002
1509,394.594285714289
1510,397.737142857129
1511,339.691428571427
1512,243.597142857139
1513,172.842857142864
1514,130.745714285737
1515,120.548571428575
1516,152.025714285707
1517,279.748571428575
1518,540.139999999991
1519,728.637142857176
1520,710.92857142858
1521,539.902857142861
1522,403.560000000021
1523,444.997142857127
1524,589.428571428556
1525,590.30857142855
1526,519.308571428561
1527,512.037142857129
1528,674.442857142852
1529,756.874285714293
1530,696.542857142864
1531,574.422857142845
1532,548.05142857139
1533,485.119999999984
1534,279.097142857139
1535,121.260000000009
1536,198.268571428582
1537,431.354285714298
1538,559.048571428587
1539,578.617142857146
1540,582.051428571425
1541,654.457142857125
1542,524.034285714279
1543,206.871428571432
1544,53.479999999993
1545,327.182857142843
1546,819.111428571423
1547,1172.87142857141
1548,1162.53714285719
1549,948.102857142908
1550,757.32000000003
1551,694.645714285714
1552,700.322857142822
1553,749.1057142857
1554,642.222857142845
1555,340.365714285686
1556,16.2971428571502
1557,-241.099999999953
1558,-248.822857142845
1559,-106.9057142857
1560,110.931428571395
1561,216.951428571367
1562,291.865714285686
1563,334.051428571437
1564,398.120000000019
1565,491.385714285774
1566,558.408571428596
1567,635.940000000037
1568,563.577142857132
1569,557.314285714249
1570,608.131428571441
1571,607.440000000014
1572,435.565714285709
1573,231.065714285709
1574,189.259999999986
1575,316.425714285718
1576,413.94571428569
1577,370.808571428573
1578,412.414285714272
1579,505.257142857159
1580,572.200000000023
1581,687.59142857145
1582,814.8942857143
1583,735.285714285681
1584,537.962857142813
1585,511.917142857122
1586,718.011428571446
1587,878.005714285746
1588,685.908571428619
1589,383.591428571451
1590,357.645714285714
1591,489.525714285695
1592,483.234285714268
1593,310.354285714263
1594,267.34857142854
1595,424.777142857132
1596,533.760000000033
1597,332.757142857159
1598,136.237142857141
1599,195.494285714254
1600,401.380000000005
1601,567.925714285742
1602,625.425714285765
1603,752.785714285728
1604,1047.67714285713
1605,1254.32285714287
1606,1137.00571428572
1607,1029.65142857144
1608,1221.42285714285
1609,1676.95142857139
1610,1921.55428571429
1611,1647.26285714291
1612,776.011428571446
1613,-421.811428571446
1614,-1699.7885714286
1615,-2555.15714285718
1616,-2606.69142857145
1617,-1992.28857142858
1618,-1149.93999999999
1619,-520.699999999977
1620,-223.019999999995
1621,-120.614285714319
1622,-98.1485714285634
1623,-90.634285714291
1624,41.4514285714133
1625,215.691428571404
1626,382.299999999977
1627,479.731428571441
1628,519.285714285728
1629,456.779999999981
1630,416.045714285714
1631,391.091428571451
1632,425.785714285681
1633,510.277142857178
1634,541.331428571418
1635,457.148571428563
1636,256.162857142859
1637,190.882857142854
1638,270.74857142861
1639,399.071428571455
1640,348.719999999995
1641,254.925714285695
1642,275.351428571413
1643,401.577142857132
1644,539.662857142859
1645,573.871428571409
1646,671.934285714291
1647,774.465714285756
1648,669.29714285715
1649,438.134285714291
1650,272.077142857132
1651,298.934285714244
1652,417.648571428563
1653,521.154285714286
1654,543.725714285765
1655,487.40285714292
1656,541.974285714328
1657,637.397142857127
1658,799.834285714245
1659,782.357142857113
1660,450.674285714258
1661,101.034285714268
1662,191.088571428577
1663,484.388571428601
1664,565.55428571431
1665,363.640000000014
1666,270.962857142859
1667,450.328571428568
1668,672.988571428601
1669,701.551428571413
1670,422.928571428568
1671,306.880000000028
1672,314.917142857169
1673,396.548571428563
1674,593.925714285695
1675,755.585714285681
1676,803.119999999995
1677,591.079999999981
1678,398.165714285709
1679,387.951428571483
1680,507.337142857164
1681,615.60285714285
1682,498.922857142822
1683,379.508571428526
1684,308.125714285718
1685,452.217142857169
1686,681.920000000019
1687,832.177142857132
1688,834.640000000014
1689,649.642857142864
1690,386.385714285704
1691,306.831428571441
1692,341.659999999963
1693,448.719999999972
1694,564.84571428569
1695,563.05142857139
1696,539.582857142878
1697,436.814285714296
1698,201.728571428615
1699,29.1314285714179
1700,168.022857142868
1701,560.431428571418
1702,783.565714285709
1703,637.95428571424
1704,367.471428571409
1705,335.765714285732
1706,579.600000000023
1707,769.094285714324
1708,819.934285714291
1709,650.145714285714
1710,418.588571428554
1711,251.208571428549
1712,237.917142857122
1713,368.231428571395
1714,575.560000000009
1715,650.460000000033
1716,638.728571428568
1717,487.331428571464
1718,376.551428571437
1719,481.231428571418
1720,636.017142857122
1721,717.514285714296
1722,646.6942857143
1723,564.882857142901
1724,617.822857142868
1725,828.314285714249
1726,924.671428571432
1727,789.362857142813
1728,496.502857142873
1729,196.077142857201
1730,75.2857142857742
1731,178.417142857146
1732,229.034285714291
1733,179.128571428522
1734,105.291428571404
1735,189.731428571465
1736,445.299999999977
1737,740.680000000005
1738,848.022857142845
1739,654.639999999967
1740,439.468571428605
1741,249.2942857143
1742,257.088571428601
1743,338.280000000051
1744,317.24857142854
1745,275.328571428522
1746,455.431428571395
1747,807.182857142831
1748,975.531428571418
1749,789.519999999972
1750,485.362857142836
1751,302.742857142864
1752,302.762857142882
1753,297.200000000023
1754,370.2
1755,571.211428571423
1756,661.999999999977
1757,636.731428571395
1758,581.562857142859
1759,657.44571428569
1760,704.980000000005
1761,643.934285714268
1762,514.125714285695
1763,527.565714285756
1764,587.611428571446
1765,515.708571428573
1766,404.479999999981
1767,379.737142857118
1768,386.251428571413
1769,432.408571428573
1770,452.374285714258
1771,565.468571428605
1772,647.265714285732
1773,685.177142857132
1774,584.888571428554
1775,478.528571428568
1776,390.537142857164
1777,348.259999999986
1778,404.737142857118
1779,446.371428571385
1780,469.088571428508
1781,487.25428571431
1782,602.634285714361
1783,698.934285714314
1784,660.708571428573
1785,521.579999999981
1786,464.305714285676
1787,536.828571428545
1788,683.274285714282
1789,724.768571428582
1790,634.740000000014
1791,455.917142857122
1792,338.511428571446
1793,333.511428571446
1794,468.548571428587
1795,546.279999999981
1796,514.539999999967
1797,511.337142857118
1798,699.757142857183
1799,908.44571428576
1800,881.308571428573
1801,545.922857142845
1802,218.039999999991
1803,204.648571428563
1804,434.705714285723
1805,580.991428571451
1806,605.882857142855
1807,569.200000000023
1808,455.565714285709
1809,308.177142857132
1810,319.105714285676
1811,555.014285714272
1812,688.757142857136
1813,574.860000000009
1814,315.811428571469
1815,293.111428571446
1816,455.731428571418
1817,564.728571428591
1818,520.239999999991
1819,465.731428571441
1820,501.839999999991
1821,575.039999999967
1822,593.414285714272
1823,565.380000000005
1824,520.039999999991
1825,514.037142857164
1826,554.677142857155
1827,604.885714285681
1828,574.711428571446
1829,426.491428571427
1830,333.708571428596
1831,478.140000000014
1832,824.642857142841
1833,1021.12571428567
1834,895.177142857108
1835,631.79714285715
1836,438.254285714286
1837,424.391428571427
1838,552.585714285681
1839,479.531428571395
1840,355.668571428605
1841,273.265714285732
1842,394.177142857155
1843,624.782857142854
1844,745.071428571362
1845,709.825714285718
1846,638.011428571446
1847,629.654285714333
1848,509.148571428633
1849,325.671428571432
1850,395.842857142841
1851,545.6057142857
1852,644.120000000019
1853,597.879999999981
1854,549.679999999958
1855,690.159999999963
1856,820.954285714263
1857,787.05142857146
1858,449.134285714291
1859,126.788571428577
1860,-5.21428571427241
1861,185.780000000005
1862,547.834285714291
1863,814.597142857127
1864,796.817142857122
1865,681.071428571409
1866,534.237142857118
1867,494.462857142882
1868,466.680000000028
1869,473.54285714284
1870,426.945714285714
1871,385.737142857141
1872,321.8942857143
1873,328.542857142934
1874,564.65428571431
1875,842.328571428545
1876,956.937142857118
1877,822.659999999986
1878,643.60285714285
1879,490.979999999981
1880,490.394285714254
1881,553.462857142859
1882,746.071428571432
1883,861.051428571437
1884,822.342857142841
1885,571.891428571427
1886,359.159999999986
1887,379.311428571423
1888,471.285714285751
1889,586.140000000037
1890,540.868571428582
1891,571.597142857127
1892,697.748571428517
1893,805.037142857141
1894,693.522857142868
1895,435.080000000028
1896,183.308571428596
1897,175.04571428569
1898,394.485714285681
1899,781.311428571399
1900,1009.23428571429
1901,925.305714285769
1902,533.588571428601
1903,126.59714285715
1904,191.365714285709
1905,501.914285714319
1906,808.251428571437
1907,774.880000000005
1908,531.974285714282
1909,287.5057142857
1910,223.262857142836
1911,367.314285714249
1912,439.937142857164
1913,515.857142857136
1914,682.680000000028
1915,817.197142857174
1916,783.505714285723
1917,528.168571428582
1918,366.774285714282
1919,444.354285714286
1920,775.408571428573
1921,857.765714285709
1922,684.388571428577
1923,514.737142857118
1924,461.599999999953
1925,394.725714285695
1926,427.014285714319
1927,605.074285714305
1928,836.711428571446
1929,868.682857142854
1930,692.648571428563
1931,448.477142857132
1932,331.880000000051
1933,343.394285714277
1934,432.8
1935,655.814285714296
1936,780.119999999995
1937,651.148571428563
1938,505.351428571413
1939,588.322857142845
1940,814.965714285732
1941,836.871428571409
1942,553.422857142799
1943,363.851428571413
1944,434.740000000037
1945,771.468571428629
1946,804.097142857197
1947,608.379999999958
1948,324.968571428559
1949,265.791428571381
1950,353.285714285704
1951,456.031428571441
1952,626.874285714305
1953,707.571428571432
1954,791.239999999967
1955,801.365714285686
1956,728.30857142855
1957,548.560000000009
1958,337.137142857141
1959,198.779999999981
1960,264.008571428526
1961,346.031428571418
1962,365.831428571418
1963,448.205714285746
1964,727.937142857141
1965,868.357142857159
1966,724.04857142854
1967,390.237142857164
1968,292.045714285737
1969,428.448571428587
1970,557.477142857132
1971,613.1942857143
1972,598.108571428549
1973,656.571428571409
1974,644.565714285732
1975,600.702857142803
1976,520.437142857164
1977,636.808571428573
1978,735.180000000028
1979,619.260000000033
1980,425.848571428563
1981,433.811428571399
1982,744.379999999958
1983,937.528571428545
1984,828.99714285715
1985,717.054285714263
1986,851.228571428545
1987,1082.90571428572
1988,908.014285714296
1989,354.691428571404
1990,-50.940000000014
1991,-6.88857142855413
1992,297.288571428601
1993,591.345714285784
1994,677.791428571451
1995,691.334285714268
1996,615.031428571395
1997,638.782857142831
1998,644.560000000009
1999,495.771428571409
2000,338.142857142864

0,16744.2428571429
1,40875.8771428571
2,66538.9628571428
3,77278.2742857143
4,66278.5771428571
5,41790.5171428571
6,17952.3457142857
7,3038.68857142857
8,-4409.60857142858
9,-7602.49428571428
10,-8555.78857142857
11,-8217.45714285714
12,-7595.28857142857
13,-7083.57142857144
14,-6298.79428571429
15,-5128.80285714285
16,-3955.48857142855
17,-3331.01714285712
18,-3447.95142857142
19,-4274.28857142857
20,-5280.32571428574
21,-5813.05142857144
22,-5530.41428571429
23,-4523.45428571428
24,-3172.05142857142
25,-2117.95142857142
26,-1562.44000000001
27,-1273.92857142858
28,-934.537142857147
29,-446.691428571427
30,46.6485714285693
31,269.097142857127
32,265.674285714288
33,299.868571428565
34,489.400000000012
35,690.9
36,628.845714285719
37,405.622857142863
38,288.780000000005
39,620.302857142862
40,1029.39714285715
41,1067.75142857144
42,622.802857142856
43,213.137142857147
44,213.951428571425
45,511.057142857148
46,924.105714285711
47,1231.02
48,1462.97714285715
49,1507.92000000001
50,1431.50857142858
51,1344.28857142856
52,1546.78857142855
53,2584.34285714285
54,4751.22
55,7037.03714285715
56,7664.56571428572
57,5897.48000000001
58,2257.59142857144
59,-1970.38285714287
60,-5638.6342857143
61,-7881.4857142857
62,-8237.15428571428
63,-6968.21714285715
64,-5222.30571428572
65,-4013.25142857143
66,-3294.40000000001
67,-2768.94571428573
68,-2348.9142857143
69,-1914.73142857144
70,-1442.08571428569
71,-870.311428571423
72,-302.628571428568
73,99.9514285714307
74,196.528571428551
75,77.0342857142852
76,48.4599999999919
77,189.35714285713
78,466.354285714286
79,654.182857142866
80,627.042857142858
81,419.162857142865
82,187.82857142858
83,104.522857142857
84,192.060000000003
85,315.131428571424
86,392.88857142856
87,438.377142857137
88,592.271428571426
89,735.505714285711
90,724.020000000013
91,547.720000000001
92,353.568571428576
93,324.611428571417
94,343.2057142857
95,455.422857142851
96,564.548571428569
97,636.737142857153
98,553.734285714291
99,388.748571428569
100,319.677142857143
101,577.857142857142
102,1110.12285714285
103,1385.17714285714
104,1075.24
105,249.43142857143
106,-462.294285714277
107,-712.688571428572
108,-543.448571428563
109,-262.41714285714
110,-149.100000000006
111,-189.488571428583
112,-328.200000000017
113,-352.022857142857
114,-283.157142857142
115,-155.797142857144
116,-69.9571428571537
117,31.7228571428452
118,142.994285714283
119,189.554285714286
120,172.188571428577
121,117.362857142865
122,136.474285714282
123,153.388571428566
124,183.885714285698
125,207.317142857128
126,288.628571428586
127,342.691428571445
128,299.168571428582
129,183.651428571431
130,29.0085714285728
131,-61.2828571428545
132,-36.479999999993
133,53.5371428571525
134,139.739999999991
135,213.922857142857
136,272.511428571417
137,196.471428571426
138,80.9028571428615
139,-41.5314285714179
140,-43.1114285714342
141,45.2314285714121
142,148.979999999999
143,150.831428571435
144,63.4400000000198
145,9.42285714286845
146,18.985714285716
147,112.271428571414
148,170.479999999993
149,169.522857142851
150,69.720000000007
151,-60.6257142857183
152,-150.120000000001
153,-52.642857142858
154,68.1114285714284
155,52.5714285714435
156,-80.4285714285739
157,-157.694285714283
158,-17.120000000007
159,168.680000000005
160,208.162857142865
161,90.3114285714284
162,-62.459999999986
163,-152.354285714281
164,-114.145714285702
165,95.4942857142887
166,267.859999999998
167,220.022857142863
168,-79.2599999999977
169,-364.379999999999
170,-425.122857142857
171,-232.877142857155
172,38.2999999999884
173,204.020000000001
174,177.980000000005
175,-14.4457142857078
176,-175.665714285726
177,-169.794285714283
178,14.0971428571444
179,149.180000000005
180,146.674285714293
181,64.2171428571513
182,50.6142857142899
183,67.8228571428685
184,15.9971428571385
185,-103.745714285714
186,-153.114285714278
187,-83.8285714285739
188,13.842857142858
189,123.945714285702
190,248.788571428566
191,246.691428571427
192,89.4228571428743
193,-141.034285714268
194,-208.402857142861
195,-11.8028571428556
196,226.931428571424
197,318.50285714285
198,229.117142857146
199,110.945714285714
200,-56.0542857142864
201,-204.77142857142
202,-247.271428571438
203,-223.11428571429
204,-156.234285714279
205,-105.574285714293
206,-101.625714285712
207,-110.445714285702
208,-74.0085714285728
209,18.8085714285728
210,105.080000000005
211,118.708571428573
212,135.559999999986
213,162.628571428562
214,186.574285714276
215,90.5314285714121
216,-114.954285714275
217,-228.345714285708
218,-162.665714285697
219,17.8028571428615
220,140.911428571428
221,189.694285714277
222,182.58285714286
223,114.494285714283
224,58.2657142856973
225,21.7942857142829
226,-52.6257142857241
227,-56.7142857142841
228,-8.82571428571828
229,78.2885714285716
230,186.028571428586
231,306.637142857135
232,321.462857142859
233,163.022857142845
234,18.377142857149
235,-22.537142857135
236,105.394285714277
237,149.771428571432
238,70.6257142857008
239,72.7714285714261
240,196.688571428572
241,276.385714285733
242,155.59714285715
243,30.0657142857206
244,31.2685714285821
245,189.428571428568
246,244.660000000009
247,161.102857142856
248,73.6057142856938
249,103.119999999984
250,185.139999999985
251,161.797142857139
252,45.4085714285902
253,-22.8828571428487
254,123.320000000001
255,303.2
256,349.740000000002
257,291.308571428573
258,275.017142857151
259,317.714285714267
260,329.754285714281
261,221.082857142849
262,125.497142857133
263,22.6599999999919
264,-117.737142857153
265,-285.045714285708
266,-337.511428571411
267,-279.299999999994
268,-289.971428571432
269,-428.122857142863
270,-676.08285714286
271,-794.774285714288
272,-745.742857142864
273,-587.377142857155
274,-395.848571428581
275,-310.628571428568
276,-332.599999999994
277,-418.522857142845
278,-461.748571428575
279,-342.237142857147
280,-92.9085714285786
281,102.102857142856
282,42.4342857142794
283,-118.305714285723
284,-231.491428571439
285,-181.622857142863
286,-74.3657142857148
287,0.688571428583236
288,126.54285714287
289,211.222857142863
290,176.437142857158
291,-0.062857142847497
292,-88.7057142857113
293,17.5285714285856
294,212.045714285714
295,230.19714285715
296,-15.6085714285611
297,-273.611428571434
298,-315.322857142868
299,-89.3571428571478
300,147.077142857132
301,220.040000000002
302,165.462857142853
303,135.468571428565
304,111.631428571435
305,44.6857142857159
306,-46.6800000000047
307,-86.4628571428533
308,-22.5342857142852
309,90.7085714285728
310,111.905714285723
311,103.88285714286
312,198.125714285701
313,369.337142857135
314,416.62857142858
315,177.074285714293
316,-163.642857142852
317,-319.137142857153
318,-167.242857142858
319,59.3200000000186
320,224.21142857144
321,214.282857142854
322,56.1314285714237
323,-122.108571428579
324,-107.691428571421
325,80.2828571428603
326,298.611428571423
327,344.41428571429
328,256.054285714275
329,163.957142857136
330,55.1657142857206
331,-47.5000000000058
332,-80.4914285714272
333,24.3914285714331
334,124.185714285716
335,199.288571428577
336,130.771428571426
337,76.4428571428521
338,113.791428571439
339,285.425714285712
340,309.645714285714
341,107.831428571424
342,-79.3457142857136
343,-41.0085714285786
344,203.734285714291
345,217.56857142857
346,78.8142857142899
347,-26.3114285714284
348,84.0685714285646
349,223.557142857148
350,201.342857142852
351,167.977142857137
352,69.3142857142782
353,93.042857142858
354,106.81999999999
355,124.720000000007
356,78.1514285714249
357,57.977142857149
358,186.86857142857
359,373.945714285702
360,431.925714285712
361,286.965714285703
362,142.345714285708
363,93.8542857142806
364,217.745714285708
365,266.9
366,244.508571428579
367,90.3857142857334
368,35.7228571428743
369,39.4228571428626
370,77.8628571428417
371,125.99142857141
372,100.928571428556
373,171.322857142863
374,269.422857142863
375,393.98571428571
376,364.725714285718
377,232.562857142865
378,78.1799999999988
379,31.1742857142701
380,96.9571428571246
381,82.9457142857078
382,46.177142857149
383,42.6400000000023
384,101.620000000013
385,106.665714285721
386,79.7285714285856
387,88.5685714285821
388,136.114285714284
389,200.8057142857
390,220.014285714261
391,210.137142857141
392,165.394285714277
393,91.4257142857183
394,77.9514285714249
395,97.3571428571362
396,133.111428571434
397,153.614285714284
398,114.768571428582
399,77.3571428571362
400,107.382857142854
401,198.13142857143
402,283.537142857129
403,277.582857142866
404,180.382857142854
405,132.33142857143
406,242.17142857142
407,266.142857142864
408,176.537142857153
409,43.4971428571385
410,5.80000000001164
411,59.2171428571455
412,107.102857142838
413,185.222857142857
414,257.13142857143
415,340.8942857143
416,287.680000000005
417,145.840000000014
418,40.8028571428615
419,83.6428571428522
420,184.182857142854
421,273.377142857132
422,276.882857142855
423,213.79714285715
424,173.125714285718
425,240.034285714279
426,338.5057142857
427,372.279999999993
428,332.39714285715
429,248.391428571439
430,131.800000000023
431,71.9400000000023
432,133.022857142845
433,288.879999999993
434,361.43142857143
435,274.854285714275
436,164.962857142847
437,114.257142857136
438,195.357142857159
439,257.500000000012
440,259.568571428582
441,217.517142857146
442,94.9914285714272
443,-45.4628571428475
444,-65.2714285714203
445,74.3399999999907
446,279.085714285704
447,348.682857142843
448,263.134285714291
449,141.182857142854
450,157.67142857142
451,289.617142857134
452,339.039999999991
453,305.408571428573
454,234.325714285718
455,204.528571428568
456,125.954285714286
457,50.4971428571385
458,110.822857142868
459,247.414285714284
460,387.945714285714
461,409.034285714279
462,355.711428571411
463,313.345714285725
464,329.548571428575
465,323.460000000009
466,318.160000000021
467,318.528571428568
468,293.520000000007
469,228.659999999998
470,116.525714285707
471,77.2285714285914
472,137.880000000005
473,341.134285714314
474,365.262857142859
475,221.397142857127
476,132.737142857118
477,165.954285714263
478,349.23142857143
479,486.720000000019
480,523.29714285715
481,456.991428571451
482,365.69714285715
483,326.50285714285
484,291.319999999984
485,210.925714285707
486,89.2828571428778
487,12.1714285714203
488,63.2771428571548
489,151.60285714285
490,168.365714285709
491,151.648571428575
492,120.779999999981
493,243.674285714293
494,388.254285714286
495,442.297142857139
496,419.977142857155
497,322.86857142857
498,305.102857142861
499,282.685714285716
500,272.794285714289
501,225.645714285725
502,310.880000000016
503,449.108571428561
504,579.50285714285
505,634.388571428566
506,668.857142857148
507,562.382857142889
508,412.391428571451
509,199.017142857122
510,-112.011428571446
511,-395.72571428573
512,-573.577142857143
513,-462.191428571416
514,-187.740000000002
515,104.877142857155
516,181.948571428563
517,145.025714285707
518,120.082857142854
519,140.857142857148
520,120.605714285723
521,68.8942857143004
522,77.2714285714552
523,186.691428571439
524,269.317142857157
525,168.499999999988
526,-5.87428571429336
527,-30.4171428571339
528,224.365714285709
529,467.69714285715
530,540.63142857143
531,407.365714285709
532,241.408571428573
533,211.011428571411
534,239.031428571418
535,259.122857142845
536,229.322857142868
537,215.071428571467
538,229.022857142868
539,268.834285714291
540,264.177142857143
541,254.457142857136
542,346.1
543,531.079999999993
544,616.725714285707
545,485.23142857143
546,245.857142857148
547,104.300000000012
548,75.4714285714319
549,154.708571428573
550,305.362857142859
551,422.974285714282
552,329.042857142852
553,137.759999999986
554,76.0628571428475
555,320.094285714289
556,573.374285714293
557,539.359999999998
558,341.931428571453
559,192.668571428559
560,87.914285714284
561,-6.72285714288009
562,0.814285714284051
563,184.851428571437
564,370.388571428589
565,368.000000000012
566,288.851428571413
567,332.882857142855
568,536.145714285714
569,538.759999999998
570,345.239999999991
571,131.685714285716
572,212.288571428577
573,421.637142857153
574,447.479999999993
575,281.962857142848
576,239.562857142859
577,359.119999999995
578,467.337142857164
579,328.171428571432
580,100.822857142868
581,136.622857142857
582,339.957142857136
583,539.659999999998
584,489.365714285697
585,319.242857142864
586,150.765714285721
587,98.2514285714249
588,269.885714285728
589,486.354285714286
590,648.114285714284
591,508.240000000002
592,232.665714285709
593,116.731428571441
594,157.817142857134
595,308.371428571467
596,291.702857142873
597,233.765714285721
598,226.802857142838
599,375.519999999972
600,460.451428571437
601,491.440000000014
602,493.177142857143
603,462.628571428568
604,364.385714285704
605,218.86857142857
606,159.288571428589
607,266.754285714286
608,452.848571428587
609,407.131428571453
610,196.234285714303
611,97.7314285714179
612,230.46857142857
613,463.582857142854
614,537.602857142861
615,440.082857142866
616,346.46857142857
617,333.642857142841
618,343.797142857162
619,234.485714285704
620,187.997142857127
621,204.451428571425
622,349.905714285723
623,539.52571428573
624,587.114285714272
625,427.399999999988
626,140.90285714285
627,43.4199999999953
628,195.102857142861
629,464.600000000023
630,644.934285714291
631,588.019999999984
632,400.722857142845
633,222.548571428563
634,171.728571428568
635,269.45714285716
636,478.314285714296
637,559.317142857146
638,494.765714285697
639,445.145714285702
640,364.208571428573
641,281.971428571432
642,287.005714285735
643,356.33142857143
644,399.148571428575
645,344.437142857141
646,229.705714285711
647,277.565714285732
648,510.382857142855
649,551.588571428566
650,361.9942857143
651,199.462857142847
652,274.340000000002
653,414.625714285742
654,528.002857142873
655,535.168571428582
656,616.337142857141
657,726.199999999965
658,692.128571428556
659,567.308571428584
660,348.928571428556
661,213.300000000023
662,200.499999999988
663,267.214285714284
664,378.219999999995
665,425.502857142873
666,446.668571428582
667,505.27428571427
668,520.299999999988
669,462.954285714263
670,415.645714285725
671,407.668571428582
672,398.362857142859
673,400.517142857146
674,433.014285714284
675,504.565714285721
676,587.782857142866
677,634.905714285711
678,438.211428571434
679,196.428571428545
680,77.6971428571385
681,248.411428571399
682,614.154285714275
683,768.240000000014
684,610.982857142855
685,360.2
686,268.474285714282
687,362.6
688,560.491428571427
689,848.257142857136
690,994.717142857134
691,839.662857142859
692,529.900000000012
693,376.640000000002
694,539.117142857134
695,711.279999999993
696,648.422857142868
697,452.254285714286
698,410.434285714291
699,606.945714285714
700,753.677142857132
701,705.454285714286
702,543.825714285718
703,438.391428571439
704,495.200000000012
705,610.097142857127
706,677.808571428561
707,682.479999999993
708,743.314285714272
709,889.068571428582
710,923.902857142873
711,907.2
712,789.722857142857
713,566.379999999981
714,297.051428571425
715,91.3085714285844
716,75.7771428571199
717,142.639999999979
718,188.748571428563
719,205.188571428566
720,383.865714285732
721,681.122857142869
722,792.065714285709
723,785.37428571427
724,774.654285714286
725,796.897142857127
726,739.345714285725
727,502.237142857164
728,265.780000000016
729,114.294285714289
730,5.21714285713388
731,-153.282857142878
732,-175.088571428577
733,60.3371428571292
734,392.125714285718
735,635.537142857153
736,653.457142857136
737,605.760000000009
738,632.797142857127
739,768.522857142857
740,891.497142857173
741,902.128571428568
742,876.082857142854
743,909.248571428575
744,901.188571428577
745,809.737142857153
746,791.614285714284
747,973.80285714285
748,1301.07142857143
749,1371.93999999997
750,1141.37714285715
751,831.754285714275
752,759.762857142859
753,871.817142857146
754,1047.77142857142
755,1162.72285714286
756,1130.97714285714
757,1066.37142857144
758,1067.06285714285
759,1171.94857142859
760,1275.61428571428
761,1231.62285714288
762,1073.18000000002
763,802.160000000009
764,365.837142857153
765,-182.522857142868
766,-662.111428571446
767,-830.665714285721
768,-759.197142857138
769,-628.922857142857
770,-710.240000000002
771,-1205.72571428574
772,-2034.90857142858
773,-2840.47142857146
774,-3149.52571428572
775,-2940.95999999997
776,-2525.26
777,-2057.20285714284
778,-1560.52000000001
779,-976.234285714303
780,-534.468571428559
781,-358.168571428582
782,-309.685714285704
783,-143.699999999988
784,97.1000000000116
785,146.122857142857
786,-19.3171428571455
787,-139.774285714293
788,-46.2971428571269
789,161.597142857162
790,278.337142857129
791,181.051428571448
792,99.6371428571409
793,87.1371428571525
794,75.6514285714249
795,-100.065714285732
796,-321.379999999993
797,-407.057142857159
798,-206.480000000005
799,108.29714285715
800,233.254285714275
801,210.242857142852
802,262.17428571427
803,548.157142857159
804,875.288571428601
805,1095.09714285716
806,1037.43714285715
807,915.482857142843
808,801.959999999986
809,671.311428571423
810,578.182857142854
811,634.108571428584
812,882.42571428573
813,1157.12285714288
814,1301.71714285715
815,1201.32857142857
816,1014.98285714287
817,948.151428571448
818,911.017142857169
819,977.399999999988
820,1164.73142857142
821,1440.26285714285
822,1634.44571428573
823,1744.07714285717
824,1992.98571428572
825,2224.81999999997
826,2295.94285714285
827,1930.28571428573
828,1479.67714285714
829,1293.25714285714
830,1499.18857142857
831,1935.82000000003
832,2460.3342857143
833,3037.21999999998
834,3012.59714285714
835,1750.37999999999
836,-732.762857142836
837,-3344.50000000001
838,-4704.24
839,-4315.8857142857
840,-2765.98
841,-1164.06857142857
842,-373.782857142854
843,-745.877142857132
844,-1978.22285714287
845,-3424.48857142858
846,-4392.20857142856
847,-4499.30285714285
848,-3924.9914285714
849,-3047.91142857142
850,-2134.89142857145
851,-1373.46571428572
852,-871.611428571434
853,-669.880000000005
854,-698.100000000012
855,-864.722857142845
856,-1032.39428571428
857,-1210.73142857142
858,-1372.82571428572
859,-1318.19714285715
860,-1198.68857142857
861,-971.459999999998
862,-729.851428571425
863,-485.500000000023
864,-328.428571428568
865,-326.485714285728
866,-345.9942857143
867,-266.385714285704
868,-91.2514285714133
869,64.3485714285634
870,122.205714285711
871,256.608571428561
872,392.811428571423
873,515.271428571432
874,530.934285714291
875,523.771428571443
876,687.522857142857
877,884.031428571441
878,996.565714285709
879,934.64571428569
880,845.09714285715
881,816.340000000002
882,960.051428571437
883,1047.54857142859
884,1039.18857142858
885,928.560000000009
886,927.351428571437
887,992.10285714285
888,1154.20571428572
889,1359.79714285714
890,1475.32285714286
891,1485.78857142855
892,1307.59142857142
893,1117.93428571429
894,1070.16000000002
895,1206.28857142858
896,1301.9457142857
897,1329.56571428572
898,1373.31428571428
899,1448.96000000001
900,1627.05142857142
901,1978.62
902,2469.05142857142
903,2877.92857142854
904,3051.97428571427
905,3183.56857142858
906,3489.50285714285
907,4231.69714285713
908,4952.58285714287
909,5510.2057142857
910,5860.48000000003
911,6205.32571428573
912,6858.99999999999
913,7059.46285714286
914,4992.37428571426
915,-839.76857142857
916,-8772.04285714284
917,-15336.9657142857
918,-17597.0571428571
919,-15765.3028571428
920,-11970.7114285714
921,-8172.6
922,-5224.87142857144
923,-3398.34285714288
924,-2673.27714285712
925,-2297.80571428571
926,-2027.11142857142
927,-1608.3457142857
928,-1117.2057142857
929,-560.608571428573
930,-210.688571428577
931,-309.914285714296
932,-612.591428571427
933,-965.228571428568
934,-1259.74
935,-1825.00857142857
936,-2735.98
937,-3338.28285714285
938,-3290.81142857143
939,-2688.99142857144
940,-2048.78857142858
941,-1634.18571428574
942,-1301.90571428572
943,-890.454285714263
944,-376.494285714277
945,-30.4228571428685
946,120.459999999974
947,26.6457142856903
948,-221.537142857129
949,-317.817142857134
950,-211.691428571416
951,37.2142857142841
952,241.120000000007
953,267.102857142861
954,177.802857142861
955,71.8742857142701
956,7.99714285715018
957,84.6828571428545
958,292.637142857164
959,439.494285714312
960,341.971428571444
961,-2.36857142857043
962,-179.845714285737
963,-45.5685714285821
964,242.748571428563
965,394.811428571423
966,384.359999999998
967,296.399999999988
968,196.319999999984
969,172.60285714285
970,207.208571428573
971,332.465714285721
972,418.260000000009
973,295.614285714284
974,102.411428571434
975,29.465714285709
976,112.134285714279
977,337.965714285709
978,339.734285714268
979,215.722857142868
980,111.991428571427
981,213.879999999993
982,328.497142857127
983,366.825714285707
984,287.791428571427
985,187.611428571446
986,218.231428571453
987,322.660000000009
988,498.491428571427
989,543.499999999988
990,397.045714285702
991,85.1142857142724
992,-23.6028571428615
993,24.3971428571385
994,279.065714285721
995,557.39714285715
996,655.097142857173
997,525.505714285711
998,130.200000000012
999,-116.417142857146
1000,-70.4771428571432
1001,220.314285714296
1002,454.351428571425
1003,452.585714285693
1004,376.254285714275
1005,242.685714285704
1006,213.351428571437
1007,183.194285714312
1008,124.162857142871
1009,133.397142857139
1010,175.539999999979
1011,321.57142857142
1012,531.59714285715
1013,570.85428571431
1014,328.337142857141
1015,-16.4314285714412
1016,-215.591428571439
1017,-42.0885714285774
1018,292.605714285711
1019,428.471428571444
1020,363.591428571427
1021,362.63142857143
1022,396.062857142859
1023,361.154285714286
1024,335.214285714296
1025,299.297142857139
1026,309.259999999986
1027,240.691428571427
1028,77.4514285714249
1029,46.3485714285402
1030,289.671428571409
1031,521.094285714289
1032,601.825714285718
1033,552.797142857139
1034,383.502857142873
1035,182.585714285739
1036,36.7
1037,161.300000000012
1038,346.059999999974
1039,469.059999999986
1040,441.591428571427
1041,273.814285714284
1042,143.288571428577
1043,89.4828571428545
1044,105.502857142885
1045,143.405714285735
1046,299.125714285707
1047,381.234285714256
1048,392.011428571423
1049,321.294285714289
1050,213.845714285737
1051,263.711428571411
1052,424.140000000002
1053,513.931428571441
1054,419.197142857173
1055,335.988571428577
1056,246.451428571402
1057,222.634285714291
1058,287.642857142829
1059,330.331428571441
1060,309.851428571448
1061,165.000000000012
1062,137.991428571439
1063,205.999999999977
1064,307.57428571427
1065,350.248571428575
1066,371.122857142857
1067,489.062857142871
1068,562.554285714286
1069,484.288571428566
1070,282.962857142882
1071,146.217142857169
1072,64.6028571428498
1073,107.188571428577
1074,228.582857142878
1075,364.388571428577
1076,429.148571428563
1077,348.011428571411
1078,301.468571428547
1079,253.234285714279
1080,238.860000000009
1081,183.191428571439
1082,228.137142857141
1083,344.56857142857
1084,281.908571428584
1085,205.580000000005
1086,139.965714285721
1087,272.077142857155
1088,423.379999999993
1089,428.822857142845
1090,359.117142857111
1091,237.331428571418
1092,225.157142857125
1093,221.371428571444
1094,280.7942857143
1095,357.365714285721
1096,385.397142857162
1097,401.451428571425
1098,319.748571428598
1099,245.908571428561
1100,224.459999999998
1101,203.305714285711
1102,138.622857142868
1103,80.0771428571665
1104,165.760000000009
1105,311.299999999988
1106,387.059999999986
1107,311.362857142859
1108,241.497142857162
1109,322.105714285723
1110,375.028571428545
1111,332.539999999979
1112,277.582857142854
1113,297.742857142864
1114,379.051428571413
1115,453.514285714296
1116,435.508571428584
1117,351.062857142848
1118,347.06857142857
1119,318.942857142829
1120,207.368571428594
1121,174.291428571474
1122,199.177142857166
1123,279.788571428566
1124,406.954285714275
1125,443.119999999995
1126,426.991428571427
1127,377.29714285715
1128,295.857142857136
1129,291.5057142857
1130,421.842857142887
1131,523.411428571446
1132,470.834285714268
1133,411.797142857139
1134,355.079999999981
1135,341.825714285742
1136,347.791428571439
1137,172.565714285697
1138,36.7400000000023
1139,66.6600000000093
1140,237.708571428561
1141,365.457142857136
1142,371.102857142838
1143,341.762857142848
1144,280.885714285751
1145,270.640000000014
1146,216.857142857159
1147,305.051428571402
1148,478.634285714233
1149,574.397142857139
1150,402.408571428584
1151,132.082857142889
1152,117.75428571431
1153,326.954285714298
1154,540.165714285732
1155,455.379999999993
1156,273.245714285714
1157,266.599999999988
1158,341.077142857132
1159,325.162857142859
1160,215.454285714275
1161,222.800000000012
1162,311.940000000002
1163,348.668571428582
1164,282.562857142848
1165,240.831428571406
1166,364.582857142843
1167,507.077142857143
1168,527.02857142858
1169,414.740000000014
1170,289.46857142857
1171,192.834285714303
1172,155.239999999991
1173,179.848571428587
1174,229.842857142875
1175,302.619999999995
1176,470.345714285714
1177,619.574285714282
1178,643.748571428587
1179,509.248571428563
1180,344.60285714285
1181,214.345714285702
1182,196.214285714261
1183,232.625714285707
1184,242.880000000005
1185,245.29714285715
1186,280.002857142873
1187,354.062857142859
1188,549.382857142855
1189,748.339999999991
1190,608.780000000016
1191,158.745714285737
1192,-306.968571428582
1193,-333.271428571444
1194,33.605714285688
1195,577.968571428582
1196,844.851428571448
1197,752.371428571432
1198,516.985714285728
1199,287.28285714282
1200,216.957142857113
1201,233.634285714268
1202,209.685714285728
1203,132.551428571448
1204,61.6942857143003
1205,162.454285714298
1206,351.325714285718
1207,500.665714285732
1208,510.654285714286
1209,427.834285714279
1210,346.799999999988
1211,323.968571428547
1212,367.005714285676
1213,356.525714285695
1214,354.957142857148
1215,421.602857142861
1216,536.582857142866
1217,618.22571428573
1218,535.217142857157
1219,286.911428571446
1220,138.211428571446
1221,191.342857142852
1222,268.342857142852
1223,296.448571428563
1224,293.840000000026
1225,261.682857142866
1226,308.145714285725
1227,381.988571428566
1228,425.959999999986
1229,392.819999999995
1230,367.159999999998
1231,330.871428571444
1232,267.054285714286
1233,222.857142857159
1234,204.985714285704
1235,283.788571428554
1236,364.299999999988
1237,377.888571428566
1238,402.50285714285
1239,498.777142857132
1240,589.865714285697
1241,484.188571428566
1242,371.842857142864
1243,415.448571428575
1244,494.860000000009
1245,467.882857142843
1246,334.771428571444
1247,318.188571428577
1248,406.840000000014
1249,362.240000000002
1250,177.165714285721
1251,89.2200000000186
1252,192.188571428577
1253,266.048571428575
1254,267.145714285714
1255,266.37428571427
1256,268.108571428584
1257,297.737142857164
1258,273.474285714293
1259,391.751428571437
1260,536.154285714275
1261,631.657142857125
1262,545.617142857157
1263,401.071428571432
1264,383.757142857136
1265,417.654285714275
1266,400.734285714303
1267,185.420000000019
1268,48.2028571428615
1269,124.117142857134
1270,402.959999999986
1271,602.485714285716
1272,551.088571428589
1273,350.168571428594
1274,176.194285714289
1275,180.940000000026
1276,288.12857142858
1277,356.160000000021
1278,339.480000000005
1279,291.165714285709
1280,351.611428571434
1281,406.268571428547
1282,493.01999999996
1283,508.348571428552
1284,612.377142857143
1285,644.362857142882
1286,497.751428571437
1287,329.345714285725
1288,205.059999999998
1289,181.782857142854
1290,194.157142857171
1291,236.748571428575
1292,338.034285714291
1293,505.371428571432
1294,592.191428571427
1295,498.617142857146
1296,406.482857142831
1297,436.794285714289
1298,328.3
1299,205.211428571423
1300,179.471428571432
1301,303.511428571423
1302,456.551428571448
1303,453.454285714286
1304,497.917142857146
1305,661.902857142885
1306,695.859999999998
1307,362.617142857157
1308,-47.5514285714482
1309,-67.4228571428685
1310,178.714285714296
1311,476.020000000019
1312,503.005714285711
1313,456.785714285716
1314,436.317142857122
1315,397.214285714284
1316,407.485714285716
1317,353.571428571432
1318,407.557142857159
1319,455.448571428587
1320,465.082857142843
1321,355.248571428575
1322,209.385714285716
1323,231.194285714254
1324,285.388571428554
1325,469.834285714291
1326,520.402857142873
1327,468.65714285716
1328,375.088571428589
1329,275.154285714286
1330,312.794285714289
1331,369.548571428552
1332,386.294285714289
1333,240.911428571434
1334,239.788571428589
1335,472.597142857162
1336,734.480000000005
1337,720.6057142857
1338,354.711428571434
1339,42.2828571428661
1340,84.634285714291
1341,369.674285714282
1342,515.388571428566
1343,565.308571428561
1344,480.002857142827
1345,385.27142857142
1346,288.431428571441
1347,133.994285714312
1348,96.1800000000163
1349,162.06857142857
1350,362.745714285702
1351,430.574285714282
1352,436.654285714263
1353,362.408571428573
1354,380.982857142854
1355,542.011428571434
1356,597.808571428596
1357,627.451428571437
1358,557.951428571437
1359,448.925714285718
1360,301.488571428566
1361,211.000000000023
1362,224.891428571439
1363,285.834285714291
1364,306.179999999993
1365,273.999999999988
1366,384.87142857142
1367,531.237142857141
1368,536.682857142854
1369,448.474285714293
1370,360.337142857153
1371,428.868571428559
1372,532.891428571416
1373,597.657142857125
1374,510.991428571462
1375,409.471428571455
1376,358.285714285728
1377,264.25428571431
1378,244.922857142857
1379,270.199999999988
1380,428.345714285702
1381,517.665714285697
1382,438.359999999998
1383,272.511428571423
1384,260.817142857157
1385,529.365714285697
1386,747.465714285697
1387,665.031428571418
1388,331.488571428589
1389,64.5142857143073
1390,148.897142857162
1391,416.314285714284
1392,649.928571428556
1393,607.734285714268
1394,479.362857142871
1395,334.205714285723
1396,156.642857142864
1397,77.8371428571641
1398,90.0999999999767
1399,364.171428571409
1400,665.334285714256
1401,814.797142857139
1402,615.394285714289
1403,319.674285714293
1404,83.4428571428754
1405,-9.48285714284284
1406,150.668571428559
1407,400.148571428563
1408,640.448571428552
1409,696.7
1410,500.457142857136
1411,222.859999999986
1412,254.268571428547
1413,396.491428571427
1414,490.960000000009
1415,438.848571428563
1416,293.500000000023
1417,309.337142857153
1418,504.237142857141
1419,666.114285714284
1420,611.751428571402
1421,446.742857142852
1422,270.065714285732
1423,283.545714285702
1424,478.791428571427
1425,543.857142857148
1426,424.57142857142
1427,337.042857142852
1428,385.442857142841
1429,475.520000000007
1430,465.385714285716
1431,397.028571428568
1432,306.077142857108
1433,218.674285714258
1434,163.814285714284
1435,194.191428571451
1436,374.405714285746
1437,599.140000000026
1438,658.808571428596
1439,515.780000000016
1440,357.268571428559
1441,292.031428571418
1442,406.33142857143
1443,563.934285714268
1444,588.62857142858
1445,468.45714285716
1446,278.600000000012
1447,264.834285714279
1448,483.142857142841
1449,703.877142857143
1450,679.511428571434
1451,517.922857142857
1452,366.079999999993
1453,225.87999999997
1454,116.288571428566
1455,108.531428571441
1456,313.911428571458
1457,602.260000000033
1458,671.160000000009
1459,430.422857142845
1460,222.045714285702
1461,205.817142857157
1462,214.140000000002
1463,247.748571428575
1464,347.039999999991
1465,556.820000000019
1466,663.520000000007
1467,570.637142857141
1468,364.028571428568
1469,257.428571428556
1470,363.119999999984
1471,497.014285714249
1472,537.925714285707
1473,475.42857142858
1474,456.651428571437
1475,488.965714285709
1476,534.734285714279
1477,474.702857142873
1478,365.274285714293
1479,280.691428571427
1480,313.037142857129
1481,390.234285714291
1482,433.934285714314
1483,515.32571428573
1484,588.711428571434
1485,610.997142857127
1486,518.562857142836
1487,455.7057142857
1488,470.114285714272
1489,472.317142857157
1490,422.92857142858
1491,407.637142857141
1492,490.099999999988
1493,536.534285714268
1494,482.614285714261
1495,319.497142857127
1496,177.620000000019
1497,166.857142857148
1498,266.84285714291
1499,465.700000000047
1500,613.094285714289
1501,634.511428571423
1502,532.357142857136
1503,379.182857142831
1504,352.142857142864
1505,293.891428571404
1506,415.442857142864
1507,559.411428571446
1508,596.659999999986
1509,473.837142857141
1510,238.845714285714
1511,291.09714285715
1512,514.948571428587
1513,780.762857142859
1514,788.645714285714
1515,718.511428571492
1516,631.905714285676
1517,405.059999999986
1518,85.4628571428591
1519,-170.608571428596
1520,-80.9085714285262
1521,284.691428571404
1522,580.888571428554
1523,695.948571428563
1524,700.765714285686
1525,541.722857142868
1526,316.14571428576
1527,178.228571428568
1528,292.94857142861
1529,485.171428571455
1530,549.460000000009
1531,423.874285714305
1532,336.799999999977
1533,478.991428571404
1534,641.854285714286
1535,587.614285714272
1536,438.374285714282
1537,311.465714285686
1538,383.368571428559
1539,601.162857142836
1540,707.254285714286
1541,554.742857142864
1542,309.362857142882
1543,179.440000000061
1544,169.365714285732
1545,394.705714285723
1546,551.282857142878
1547,534.182857142854
1548,463.934285714268
1549,529.965714285709
1550,688.542857142864
1551,718.642857142864
1552,470.082857142854
1553,93.7457142857369
1554,26.3971428571269
1555,250.259999999986
1556,507.425714285695
1557,610.774285714258
1558,587.251428571437
1559,513.177142857178
1560,444.977142857132
1561,482.137142857118
1562,472.122857142845
1563,363.974285714258
1564,248.085714285704
1565,220.880000000051
1566,278.84571428569
1567,463.900000000047
1568,629.925714285695
1569,586.048571428587
1570,426.14571428576
1571,365.028571428568
1572,423.059999999986
1573,498.75142857139
1574,461.040000000014
1575,402.131428571395
1576,502.154285714286
1577,665.631428571418
1578,651.279999999981
1579,447.128571428615
1580,395.60285714285
1581,346.620000000019
1582,364.462857142836
1583,324.182857142878
1584,333.725714285718
1585,322.474285714282
1586,328.405714285769
1587,528.231428571418
1588,770.534285714268
1589,939.725714285695
1590,740.565714285709
1591,348.965714285732
1592,80.5885714285541
1593,154.671428571385
1594,363.831428571441
1595,580.708571428573
1596,792.908571428596
1597,770.851428571437
1598,513.145714285667
1599,304.722857142822
1600,355.808571428596
1601,566.440000000061
1602,616.385714285774
1603,412.420000000019
1604,158.028571428545
1605,146.659999999986
1606,280.234285714314
1607,540.131428571465
1608,740.819999999995
1609,720.5057142857
1610,546.551428571413
1611,430.399999999953
1612,490.145714285714
1613,431.214285714319
1614,259.74857142861
1615,178.382857142878
1616,254.082857142831
1617,399.785714285658
1618,478.257142857113
1619,541.134285714291
1620,576.608571428573
1621,535.068571428582
1622,475.2057142857
1623,448.2
1624,569.348571428587
1625,664.65142857146
1626,760.282857142854
1627,818.111428571423
1628,630.982857142855
1629,315.797142857104
1630,54.0142857142724
1631,58.1885714285541
1632,307.011428571446
1633,494.014285714319
1634,474.417142857146
1635,351.028571428568
1636,215.568571428559
1637,197.877142857155
1638,260.542857142864
1639,440.3
1640,604.482857142831
1641,655.908571428573
1642,551.957142857113
1643,362.459999999986
1644,338.874285714282
1645,470.820000000019
1646,615.374285714328
1647,700.348571428563
1648,634.79714285715
1649,536.108571428573
1650,547.494285714324
1651,599.251428571437
1652,482.654285714263
1653,225.25428571424
1654,221.657142857113
1655,489.574285714282
1656,703.085714285728
1657,531.442857142817
1658,301.980000000005
1659,407.35142857146
1660,650.071428571432
1661,559.111428571423
1662,282.914285714249
1663,207.191428571404
1664,412.300000000023
1665,611.145714285714
1666,524.791428571451
1667,404.05428571431
1668,370.228571428638
1669,490.031428571441
1670,631.120000000042
1671,742.031428571418
1672,749.874285714282
1673,522.159999999963
1674,279.302857142827
1675,92.6057142856996
1676,220.354285714286
1677,481.768571428559
1678,575.871428571409
1679,547.274285714328
1680,450.848571428563
1681,474.300000000023
1682,439.748571428587
1683,398.914285714296
1684,458.117142857146
1685,575.519999999972
1686,787.391428571404
1687,682.488571428577
1688,507.202857142873
1689,412.365714285709
1690,568.060000000009
1691,719.5057142857
1692,618.254285714263
1693,479.639999999991
1694,313.077142857132
1695,433.225714285718
1696,640.225714285718
1697,814.808571428596
1698,751.385714285751
1699,520.44857142861
1700,352.405714285676
1701,284.097142857104
1702,222.074285714282
1703,94.3171428571455
1704,127.571428571432
1705,445.945714285714
1706,763.311428571423
1707,866.94857142861
1708,667.151428571413
1709,442.417142857169
1710,335.222857142845
1711,390.782857142854
1712,521.117142857146
1713,470.665714285732
1714,299.908571428596
1715,182.482857142878
1716,333.357142857136
1717,543.671428571432
1718,710.720000000019
1719,682.388571428554
1720,521.959999999986
1721,371.342857142887
1722,314.902857142896
1723,450.45428571431
1724,556.345714285714
1725,505.865714285709
1726,403.982857142854
1727,454.645714285714
1728,471.314285714296
1729,381.065714285732
1730,380.328571428568
1731,579.039999999991
1732,772.408571428573
1733,663.605714285723
1734,357.137142857141
1735,225.4057142857
1736,413.774285714282
1737,590.571428571409
1738,582.425714285718
1739,558.685714285728
1740,630.871428571455
1741,744.794285714277
1742,674.039999999967
1743,531.162857142836
1744,352.44571428569
1745,320.480000000005
1746,462.282857142901
1747,604.082857142901
1748,660.017142857169
1749,511.4057142857
1750,405.279999999958
1751,337.574285714258
1752,426.234285714291
1753,489.788571428577
1754,628.234285714291
1755,750.265714285709
1756,573.879999999958
1757,208.665714285686
1758,26.0971428571735
1759,369.302857142873
1760,747.422857142892
1761,723.860000000009
1762,291.911428571399
1763,51.5971428571269
1764,382.839999999991
1765,764.834285714268
1766,899.125714285695
1767,784.048571428563
1768,736.119999999995
1769,672.897142857127
1770,447.874285714258
1771,329.334285714244
1772,433.448571428587
1773,686.711428571492
1774,604.837142857164
1775,354.488571428554
1776,226.657142857113
1777,386.385714285681
1778,600.071428571432
1779,671.562857142882
1780,738.488571428601
1781,659.45428571431
1782,535.780000000005
1783,356.077142857132
1784,381.197142857127
1785,558.177142857132
1786,580.680000000005
1787,512.005714285746
1788,416.140000000014
1789,534.222857142845
1790,600.377142857132
1791,531.011428571423
1792,374.522857142822
1793,216.040000000014
1794,289.179999999958
1795,423.34571428569
1796,768.831428571395
1797,929.468571428559
1798,726.545714285714
1799,311.845714285714
1800,186.220000000019
1801,494.94571428569
1802,719.537142857141
1803,663.942857142887
1804,359.080000000028
1805,380.882857142878
1806,500.300000000023
1807,575.114285714249
1808,474.94571428569
1809,372.354285714286
1810,362.379999999981
1811,374.477142857155
1812,568.074285714258
1813,677.605714285676
1814,810.360000000009
1815,647.334285714291
1816,428.482857142854
1817,304.014285714272
1818,421.69714285715
1819,681.922857142868
1820,843.545714285737
1821,863.214285714319
1822,636.231428571418
1823,420.397142857127
1824,242.379999999958
1825,201.3
1826,364.877142857132
1827,513.640000000014
1828,532.154285714333
1829,403.357142857136
1830,444.248571428587
1831,725.042857142794
1832,927.811428571399
1833,818.377142857155
1834,349.891428571404
1835,96.8114285714226
1836,96.4171428571455
1837,316.522857142845
1838,483.25142857146
1839,664.911428571469
1840,894.837142857164
1841,857.331428571441
1842,534.322857142822
1843,234.594285714254
1844,273.497142857127
1845,504.999999999977
1846,560.951428571413
1847,483.094285714324
1848,511.817142857192
1849,738.165714285755
1850,892.482857142855
1851,769.451428571413
1852,664.188571428577
1853,683.474285714282
1854,625.311428571399
1855,436.685714285728
1856,211.028571428591
1857,130.645714285737
1858,217.228571428545
1859,454.179999999958
1860,670.654285714263
1861,682.411428571446
1862,544.088571428601
1863,457.322857142868
1864,585.039999999991
1865,803.879999999981
1866,819.637142857141
1867,619.968571428582
1868,490.540000000014
1869,466.274285714282
1870,476.765714285709
1871,309.425714285742
1872,271.991428571427
1873,378.15428571424
1874,722.771428571409
1875,887.937142857118
1876,859.4
1877,698.225714285765
1878,507.502857142803
1879,374.034285714244
1880,322.951428571437
1881,431.739999999991
1882,537.020000000019
1883,605.945714285714
1884,525.342857142841
1885,522.257142857136
1886,552.368571428535
1887,371.497142857197
1888,130.900000000023
1889,220.9
1890,605.128571428545
1891,907.468571428535
1892,746.625714285718
1893,446.980000000051
1894,392.537142857141
1895,654.95714285709
1896,766.419999999972
1897,646.814285714272
1898,603.071428571478
1899,635.422857142868
1900,587.231428571395
1901,328.997142857127
1902,235.482857142831
1903,423.311428571399
1904,732.842857142864
1905,804.471428571455
1906,657.928571428591
1907,718.360000000056
1908,828.968571428605
1909,813.571428571409
1910,498.505714285676
1911,244.022857142845
1912,136.805714285676
1913,225.865714285709
1914,395.537142857141
1915,467.951428571413
1916,697.879999999981
1917,732.168571428605
1918,621.102857142896
1919,406.580000000051
1920,345.408571428596
1921,497.034285714244
1922,679.377142857155
1923,852.494285714254
1924,755.954285714286
1925,660.017142857215
1926,549.4942857143
1927,511.239999999991
1928,537.819999999972
1929,480.514285714226
1930,471.508571428596
1931,525.545714285714
1932,692.488571428554
1933,711.297142857173
1934,568.905714285676
1935,445.245714285714
1936,437.942857142864
1937,463.551428571413
1938,397.965714285709
1939,405.714285714296
1940,636.905714285723
1941,841.342857142841
1942,738.45428571431
1943,502.1942857143
1944,328.128571428591
1945,368.211428571446
1946,475.519999999972
1947,574.042857142864
1948,521.19714285715
1949,346.540000000014
1950,267.122857142868
1951,502.060000000009
1952,1003.66571428571
1953,1182.77142857143
1954,747.337142857164
1955,196.942857142864
1956,51.4628571428359
1957,375.059999999963
1958,673.619999999949
1959,773.154285714263
1960,811.931428571418
1961,781.180000000051
1962,685.6942857143
1963,603.611428571446
1964,618.485714285681
1965,577.428571428568
1966,469.991428571451
1967,360.571428571409
1968,476.917142857099
1969,771.811428571399
1970,848.411428571446
1971,629.134285714384
1972,305.165714285825
1973,232.560000000033
1974,422.482857142785
1975,793.094285714207
1976,979.14857142854
1977,706.600000000047
1978,324.031428571418
1979,176.022857142822
1980,443.817142857169
1981,607.805714285769
1982,553.559999999986
1983,374.719999999949
1984,421.557142857113
1985,747.914285714272
1986,927.725714285742
1987,819.988571428577
1988,538.625714285672
1989,361.234285714314
1990,488.922857142868
1991,820.657142857159
1992,1031.96285714291
1993,860.119999999995
1994,498.322857142845
1995,244.774285714258
1996,202.357142857136
1997,411.811428571376
1998,493.577142857132
1999,610.665714285779
2000,631.754285714333
2001,555.714285714296
2002,438.165714285732
2003,370.399999999953
2004,499.125714285765
2005,640.711428571423
2006,726.625714285742
2007,793.291428571451
2008,823.95142857139
2009,768.360000000009
2010,569.517142857122
2011,368.085714285681
2012,459.214285714249
2013,746.19714285708
2014,916.322857142868
2015,775.174285714258
2016,617.611428571399
2017,636.122857142845
2018,687.914285714272
2019,531.091428571474
2020,129.862857142859
2021,-136.139999999944
2022,213.088571428577
2023,644.765714285756
2024,861.931428571395
2025,842.7057142857
2026,750.891428571451
2027,727.840000000037
2028,614.174285714328
2029,544.362857142859
2030,251.868571428559
2031,235.65428571424
2032,329.185714285658
2033,592.011428571399
2034,936.402857142827
2035,967.088571428577
2036,820.865714285756
2037,629.568571428559
2038,823.714285714272
2039,880.171428571432
2040,885.311428571399
2041,777.017142857099
2042,507.460000000009
2043,275.625714285718
2044,58.3800000000047
2045,135.802857142896
2046,330.577142857108
2047,670.645714285714
2048,851.374285714328
2049,748.731428571418
2050,526.182857142878
2051,280.305714285723
2052,326.908571428549
2053,483.294285714347
2054,862.854285714263
2055,1017.94571428571
2056,865.954285714217
2057,555.711428571423
2058,235.0942857143
2059,243.75428571431
2060,377.251428571437
2061,554.088571428601
2062,536.117142857169
2063,575.385714285681
2064,709.371428571385
2065,822.79714285708
2066,805.657142857136
2067,480.611428571469
2068,178.025714285718
2069,217.119999999972
2070,554.631428571395
2071,745.771428571432
2072,611.914285714296
2073,477.745714285737
2074,536.55428571424
2075,679.582857142831
2076,675.088571428531
2077,590.034285714338
2078,473.474285714282
2079,511.382857142855
2080,714.822857142845
2081,895.748571428587
2082,989.260000000033
2083,843.205714285653
2084,648.840000000014
2085,522.454285714263
2086,492.771428571409
2087,463.634285714314
2088,467.042857142887
2089,533.031428571418
2090,566.734285714314
2091,680.399999999977
2092,802.197142857174
2093,760.028571428591
2094,694.937142857164
2095,690.237142857164
2096,743.631428571395
2097,581.817142857146
2098,320.962857142859
2099,247.945714285737
2100,436.417142857146
2101,666.560000000033
2102,656.05142857139
2103,493.534285714268
2104,411.760000000009
2105,537.017142857099
2106,610.348571428517
2107,664.342857142817
2108,675.751428571413
2109,713.271428571479
2110,761.50285714292
2111,715.451428571437
2112,531.7942857143
2113,289.911428571423
2114,389.137142857048
2115,642.039999999967
2116,896.397142857104
2117,835.242857142887
2118,495.631428571441
2119,413.591428571427
2120,646.391428571427
2121,1018.92000000002
2122,1025.31428571425
2123,811.668571428512
2124,554.600000000023
2125,479.245714285737
2126,543.04285714291
2127,553.311428571446
2128,642.965714285686
2129,797.719999999972
2130,891.051428571413
2131,707.491428571474
2132,311.928571428545
2133,145.382857142878
2134,330.814285714342
2135,605.174285714305
2136,602.988571428554
2137,386.205714285653
2138,274.959999999939
2139,470.274285714282
2140,790.660000000009
2141,837.197142857197
2142,697.440000000061
2143,535.314285714319
2144,565.7
2145,660.734285714291
2146,602.614285714272
2147,460.914285714272
2148,430.739999999991
2149,754.411428571399
2150,920.291428571474
2151,811.708571428573
2152,479.639999999967
2153,328.419999999949
2154,591.351428571367
2155,778.719999999995
2156,785.74285714291
2157,396.154285714356
2158,397.728571428615
2159,636.371428571478
2160,929.628571428545
2161,924.902857142827
2162,548.817142857146
2163,346.885714285704
2164,279.417142857122
2165,552
2166,702.774285714282
2167,812.874285714258
2168,809.108571428573
2169,768.285714285728
2170,844.039999999991
2171,704.239999999991
2172,591.991428571381
2173,458.25142857139
2174,477.422857142868
2175,497.685714285704
2176,512.288571428624
2177,667.780000000051
2178,872.434285714314
2179,1083.79714285715
2180,842.568571428559
2181,350.788571428577
2182,-127.617142857122
2183,-20.9314285714412
2184,634.508571428549
2185,1143.18285714283
2186,1060.62285714287
2187,557.480000000005
2188,341.717142857146
2189,450.494285714254
2190,698.54857142861
2191,850.454285714286
2192,886.357142857113
2193,918.751428571413
2194,873.068571428582
2195,728.19714285722
2196,588.15428571431
2197,663.054285714263
2198,742.362857142859
2199,732.111428571376
2200,581.399999999977
2201,309.399999999977
2202,292.074285714258
2203,430.631428571418
2204,619.417142857122
2205,611.117142857122
2206,619.700000000047
2207,720.148571428587
2208,754.605714285653
2209,768.942857142794
2210,614.277142857108
2211,541.225714285718
2212,520.882857142878
2213,511.997142857104
2214,481.245714285737
2215,532.920000000019
2216,739.891428571427
2217,827.44285714284
2218,777.708571428549
2219,598.04857142854
2220,477.64857142861
2221,504.85142857146
2222,714.874285714305
2223,851.0057142857
2224,808.985714285681
2225,668.291428571451
2226,618.05142857146
2227,691.614285714342
2228,786.631428571418
2229,766.025714285648
2230,708.108571428503
2231,564.622857142775
2232,262.800000000047
2233,107.791428571427
2234,320.165714285756
2235,816.84571428569
2236,1088.0028571428
2237,953.505714285653
2238,709.765714285686
2239,676.957142857113
2240,679.705714285746
2241,619.817142857192
2242,543.354285714333
2243,588.920000000065
2244,687.037142857118
2245,748.925714285765
2246,619.694285714324
2247,331.531428571418
2248,304.059999999986
2249,483.202857142827
2250,844.448571428587
2251,981.834285714291
2252,783.748571428587
2253,566.862857142836
2254,437.825714285648
2255,563.514285714296
2256,760.742857142887
2257,1124.06285714291
2258,1123.89142857143
2259,740.668571428536
2260,126.925714285672
2261,-287.008571428596
2262,-45.659999999986
2263,504.025714285765
2264,990.362857142882
2265,868.088571428577
2266,641.594285714277
2267,519.437142857141
2268,740.119999999949
2269,994.265714285686
2270,947.231428571395
2271,719.865714285686
2272,438.499999999977
2273,462.717142857169
2274,534.237142857187
2275,796.717142857169
2276,941.159999999986
2277,812.085714285704
2278,523.171428571455
2279,273.980000000051
2280,256.788571428624
2281,492.388571428577
2282,832.028571428545
2283,956.522857142822
2284,904.880000000028
2285,845.225714285765
2286,698.89714285722
2287,533.105714285723
2288,400.245714285667
2289,397.85142857139
2290,599.75142857139
2291,775.017142857122
2292,836.508571428573
2293,643.328571428591
2294,537.991428571404
2295,357.834285714268
2296,585.011428571423
2297,835.702857142873
2298,963.122857142845
2299,878.237142857118
2300,703.117142857076
2301,742.162857142789
2302,697.682857142878
2303,880.302857142873
2304,678.580000000051
2305,496.928571428591
2306,405.605714285653
2307,587.837142857141
2308,818.299999999977
2309,683.717142857146
2310,529.425714285718
2311,411.722857142892
2312,641.771428571455
2313,759.891428571404
2314,789.528571428591
2315,905.220000000019
2316,898.400000000047
2317,685.385714285728
2318,298.282857142831
2319,298.608571428526
2320,651.451428571437
2321,1019.92857142859
2322,1131.16571428576
2323,874.085714285681
2324,658.491428571427
2325,439.674285714305
2326,399.740000000014
2327,368.002857142896
2328,588.817142857146
2329,797.971428571409
2330,789.822857142892
2331,670.174285714258
2332,451.577142857108
2333,398.071428571409
2334,239.094285714207
2335,321.011428571423
2336,647.8942857143
2337,1241.56000000003
2338,1437.30571428572
2339,1024.03428571429
2340,555.960000000009
2341,285.025714285718
2342,419.085714285704
2343,576.528571428568
2344,681.054285714286
2345,595.145714285714
2346,537.337142857164
2347,635.4942857143
2348,707.528571428591
2349,813.931428571488
2350,710.797142857197
2351,720.622857142915
2352,681.060000000056
2353,619.279999999958
2354,529.622857142775
2355,616.211428571353
2356,913.128571428568
2357,921.862857142882
2358,783.302857142896
2359,517.057142857136
2360,525.382857142855
2361,733.542857142864
2362,923.448571428587
2363,868.125714285742
2364,652.077142857132
2365,505.762857142859
2366,461.334285714268
2367,682.85142857146
2368,571.885714285728
2369,432.59714285715
2370,360.677142857108
2371,672.985714285658
2372,929.045714285714
2373,1051.96857142858
2374,939.457142857136
2375,680.60571428577
2376,626.425714285765
2377,579.09714285715
2378,759.825714285648
2379,816.508571428526
2380,707.731428571395
2381,354.445714285714
2382,322.734285714338
2383,702.885714285751
2384,1118.42285714292
2385,1103.97428571431
2386,609.311428571446
2387,297.879999999981
2388,368.028571428591
2389,659.928571428545
2390,850.542857142817
2391,836.888571428601
2392,813.168571428536
2393,721.19714285715
2394,838.522857142892
2395,878.15428571431
2396,791.622857142892
2397,561.479999999935
2398,332.334285714268
2399,272.474285714258
2400,271.037142857141

