120,-393.828571428545
120.1,702.914285714156
120.2,1640.71428571397
120.3,1772.59999999974
120.4,849.571428571362
120.5,935.857142857276
120.6,1476.48571428575
120.7,851.34285714291
120.8,-567.314285714179
120.9,-1105.14285714284
121,855.514285714133
121.1,3570.31428571406
121.2,3656.6857142857
121.3,1164.19999999995
121.4,-1670.9714285715
121.5,-979.685714285588
121.6,1008.99999999988
121.7,2109.11428571423
121.8,1126.79999999981
121.9,-1094.11428571458
122,-786.685714285471
122.1,-771.685714285471
122.2,-804.114285713993
122.3,-710.285714285448
122.4,1712.42857142875
122.5,3621.91428571427
122.6,2062.05714285688
122.7,336.057142856764
122.8,290.914285714156
122.9,3008.22857142868
123,3517.48571428575
123.1,682.657142857322
123.2,-2368.02857142873
123.3,-2633.6857142857
123.4,-248.314285714179
123.5,1083.77142857143
123.6,2086.65714285721
123.7,2422.22857142845
123.8,3166.42857142841
123.9,3159.91428571427
124,1136.6857142857
124.1,-1713.74285714282
124.2,-2882.05714285723
124.3,-749.314285714179
124.4,2752.71428571432
124.5,4597.39999999991
124.6,3952.51428571437
124.7,1274.88571428566
124.8,-52.4000000001397
124.9,352.428571428521
125,1306.08571428573
125.1,1634.62857142859
125.2,743.628571428591
125.3,276.485714285518
125.4,115.828571428545
125.5,133.800000000163
125.6,-926.857142857276
125.7,-1311.77142857155
125.8,859.39999999979
125.9,3434.25714285695
126,4805.82857142854
126.1,3666.88571428566
126.2,214.742857142934
126.3,-2625.17142857134
126.4,-4102.82857142843
126.5,-2831.59999999998
126.6,-633.228571428568
126.7,2085.82857142866
126.8,3201.45714285702
126.9,2353.2285714288
127,706.142857142841
127.1,-13.5142857142491
127.2,1806.65714285709
127.3,3364.14285714284
127.4,2933.80000000005
127.5,-529.59999999986
127.6,-2218.94285714265
127.7,-638.65714285709
127.8,2059.08571428549
127.9,1856.82857142831
128,-302.457142857136
128.1,-1083.65714285709
128.2,-146.885714285658
128.3,1518.22857142857
128.4,2410.62857142871
128.5,2625.51428571437
128.6,1984.74285714282
128.7,280.65714285709
128.8,-1731.59999999974
128.9,-1683.19999999995
129,600.171428571455
129.1,2988.45714285714
129.2,3142.42857142841
129.3,1322.51428571437
129.4,-1588.31428571418
129.5,-2825.60000000009
129.6,-885.857142857043
129.7,2423.22857142857
129.8,4612.11428571434
129.9,4115.60000000021
130,1570.51428571425
130.1,-209.057142857113
130.2,-119.171428571572
130.3,98.0857142857276
130.4,-397.79999999993
130.5,-915.885714285541
130.6,-447.028571428265
130.7,1367.59999999998
130.8,1984.77142857155
130.9,897.571428571013
131,-36.7428571428172
131.1,630.657142857322
131.2,569.314285714412
131.3,-1366.11428571434
131.4,-3908.4857142861
131.5,-4177.62857142871
131.6,-1220.51428571425
131.7,2592.65714285709
131.8,4301.14285714284
131.9,3111.91428571427
132,957.628571428591
132.1,29.5142857143655
132.2,678.914285714505
132.3,949.342857142794
132.4,-432.828571428661
132.5,-2183.25714285718
132.6,-1153.14285714296
132.7,1427.0285714285
132.8,3332.57142857136
132.9,2127.91428571427
133,374.971428571385
133.1,269.114285714459
133.2,1752.48571428587
133.3,2747.05714285711
133.4,1674.28571428556
133.5,134.257142857183
133.6,-1246.62857142871
133.7,-1090.20000000007
133.8,-244.45714285702
133.9,435.571428571478
134,1446.97142857139
134.1,1668.85714285716
134.2,838.771428571432
134.3,105.742857142817
134.4,1592.17142857157
134.5,3060.08571428608
134.6,3562.34285714303
134.7,1675.97142857139
134.8,-40.2857142857974
134.9,-194.514285714249
135,1522.77142857143
135.1,2591.85714285716
135.2,2385.62857142859
135.3,1862.19999999984
135.4,-199.800000000279
135.5,-1869.22857142868
135.6,-2955.19999999995
135.7,-1042.68571428559
135.8,2075.57142857148
135.9,4432.37142857129
136,3318.08571428573
136.1,35.8571428570431
136.2,-1949.08571428584
136.3,-780.885714285658
136.4,1342.54285714321
136.5,1783.82857142866
136.6,783.828571428661
136.7,534.714285714203
136.8,1169.80000000005
136.9,1457.02857142861
137,680.542857142864
137.1,289.914285714272
137.2,1123.7142857142
137.3,1418.7428571427
137.4,324.742857142701
137.5,-1365.54285714286
137.6,-716.142857142957
137.7,1477.19999999995
137.8,2505.57142857148
137.9,1699.88571428589
138,527.685714285937
138.1,747.800000000163
138.2,1524.79999999993
138.3,1529.94285714254
138.4,710.428571428405
138.5,632.45714285702
138.6,1429.82857142843
138.7,2150.51428571437
138.8,2593.00000000012
138.9,3168.9714285715
139,2883.25714285718
139.1,1681.37142857141
139.2,101.171428571339
139.3,-902.542857142864
139.4,-649.828571428894
139.5,-874.657142857322
139.6,-1471.65714285709
139.7,-1687.7142857142
139.8,-647.514285714249
139.9,1293.51428571425
140,2475.00000000012
140.1,1533.05714285711
140.2,-42.9428571428871
140.3,-535.000000000233
140.4,755.914285713923
140.5,2344.79999999993
140.6,3956.17142857157
140.7,4194.17142857146
140.8,2435.42857142864
140.9,322.371428571525
141,-1381.02857142885
141.1,-461.228571428685
141.2,2194.62857142848
141.3,4083.48571428552
141.4,4629.08571428573
141.5,4075.39999999991
141.6,2293.17142857157
141.7,-339.685714285704
141.8,-2537.91428571416
141.9,-3946.02857142861
142,-3219.85714285693
142.1,-593.514285714249
142.2,1449.31428571464
142.3,1663.85714285716
142.4,1071.28571428568
142.5,436.400000000023
142.6,-833.20000000007
142.7,-1379.08571428561
142.8,-1524.17142857157
142.9,535.885714285658
143,2212.97142857139
143.1,2292.6857142857
143.2,519.457142857253
143.3,-1176.19999999995
143.4,-1323.42857142852
143.5,-249.514285714249
143.6,1610.94285714265
143.7,1996.37142857141
143.8,1106.79999999993
143.9,-271.885714285774
144,-174.457142857136
144.1,603.228571428801
144.2,1286.42857142841
144.3,687.428571428405
144.4,3.62857142824214
144.5,-233.828571428778
144.6,1289.7142857142
144.7,3095.88571428554
144.8,3146.65714285732
144.9,1080.45714285737
145,-1707.97142857127
145.1,-2536.7142857142
145.2,-966.114285714575
145.3,1121.11428571399
145.4,1373.05714285688
145.5,1319.0285714285
145.6,931.228571428685
145.7,-354.171428571455
145.8,-2314.59999999998
145.9,-3026.6857142857
146,-903.885714285658
146.1,2455.08571428573
146.2,4392.88571428577
146.3,3528.05714285711
146.4,2615.22857142845
146.5,2517.54285714286
146.6,2108.28571428568
146.7,1084.45714285714
146.8,189.257142857183
146.9,-126.599999999977
147,-207.171428571339
147.1,-600.714285714203
147.2,-1004.25714285707
147.3,-872.742857142934
147.4,184.628571428475
147.5,909.828571428428
147.6,1182.91428571416
147.7,721.114285714459
147.8,-221.885714285541
147.9,-700
148,-882.457142857253
148.1,-857.914285714272
148.2,-441.714285714203
148.3,-238.79999999993
148.4,-423.714285714203
148.5,-445.942857142771
148.6,-440.542857142631
148.7,-202.05714285688
148.8,711.628571428708
148.9,1668.6857142857
149,2309.9714285715
149.1,2325.85714285693
149.2,88.6285714285914
149.3,-2354.85714285728
149.4,-2853.62857142847
149.5,-1435.48571428575
149.6,751.914285714272
149.7,1928.57142857159
149.8,1751.94285714289
149.9,590.20000000007
150,-491.571428571362
150.1,-934.028571428498
150.2,-501.79999999993
150.3,1604.62857142836
150.4,3123.6857142857
150.5,3200.48571428563
150.6,1829.20000000007
150.7,-108.59999999986
150.8,-1103.85714285716
150.9,-696.371428571409
151,936.314285714296
151.1,1908.42857142852
151.2,2053.48571428563
151.3,1251.5428571431
151.4,131.771428571548
151.5,-303.199999999721
151.6,16.0857142857276
151.7,21.3714285711758
151.8,304.542857142631
151.9,821.199999999837
152,1780.97142857162
152.1,1851.54285714298
152.2,140.657142857206
152.3,-1217.37142857153
152.4,-363.714285714319
152.5,1960.08571428573
152.6,2992.45714285702
152.7,1726.65714285721
152.8,34.8857142856577
152.9,461.342857143143
153,2425.88571428577
153.1,1923.85714285716
153.2,-1084.6857142857
153.3,-3143
153.4,-1679.88571428566
153.5,2342.57142857148
153.6,3913.28571428568
153.7,2087.94285714289
153.8,-684.942857142771
153.9,-301.657142857206
154,1495.22857142868
154.1,1665.05714285723
154.2,429.771428571548
154.3,-331.571428571362
154.4,-718.65714285709
154.5,-1501.48571428575
154.6,-2479.42857142875
154.7,-1836.45714285737
154.8,-114.59999999986
154.9,711.114285714459
155,-788.628571428358
155.1,-2334.94285714289
155.2,-1423.45714285702
155.3,1424.22857142845
155.4,4350.85714285704
155.5,4483.71428571443
155.6,1575.2857142858
155.7,-2520.02857142861
155.8,-3936.7428571427
155.9,-2138.37142857141
156,1105.51428571437
156.1,2203.68571428594
156.2,2259.97142857162
156.3,1935
156.4,2231.08571428561
156.5,2151.14285714261
156.6,607.171428571222
156.7,-986.828571428545
156.8,-1403.17142857134
156.9,-899.085714285611
157,-561.285714285681
157.1,-204.542857142864
157.2,368.171428571455
157.3,1334.65714285709
157.4,2399.2857142858
157.5,2698.31428571418
157.6,1904.42857142852
157.7,1681.22857142868
157.8,546.34285714291
157.9,600.400000000023
158,1659.25714285707
158.1,1479.94285714289
158.2,83.8285714286612
158.3,-1172.40000000002
158.4,503.285714285681
158.5,2957.34285714279
158.6,3878.39999999991
158.7,1478.51428571402
158.8,-417.685714285704
158.9,485.228571428917
159,1567.54285714298
159.1,729.800000000046
159.2,-1244.88571428566
159.3,-1806.54285714286
159.4,-1287.99999999988
159.5,-297.171428571222
159.6,539.742857142934
159.7,1764.42857142852
159.8,2356.59999999986
159.9,420.971428571385
160,-1511.00000000023
160.1,-2009.45714285714
160.2,608.371428571409
160.3,1855.05714285723
160.4,2048.0285714285
160.5,1996.34285714279
160.6,1955.3142857143
160.7,415.999999999767
160.8,-2997.02857142861
160.9,-2460
161,1115.57142857136
161.1,5057.17142857169
161.2,4241.77142857143
161.3,1583.05714285723
161.4,-598.314285714179
161.5,-864.114285714342
161.6,87.1142857145751
161.7,343.142857142724
161.8,888.085714285844
161.9,1402.28571428556
162,2555.25714285683
162.1,3425.74285714282
162.2,4137.59999999998
162.3,2955.3142857143
162.4,1352.82857142831
162.5,4.8285714284284
162.6,-909.885714285774
162.7,39.8285714287776
162.8,2976.97142857162
162.9,5372.82857142854
163,4121.11428571423
163.1,1896.02857142838
163.2,968.914285714272
163.3,2379.08571428573
163.4,3214.54285714275
163.5,2937.54285714286
163.6,2835.14285714296
163.7,3519.62857142859
163.8,2770.14285714296
163.9,1444.57142857148
164,1222.02857142861
164.1,2139.85714285716
164.2,3260.97142857115
164.3,4402.25714285683
164.4,5098.08571428549
164.5,4537.42857142852
164.6,3437.40000000014
164.7,3247.65714285709
164.8,5261.25714285718
164.9,7098.28571428556
165,7711.28571428556
165.1,6328.68571428559
165.2,4629.59999999998
165.3,3751.80000000005
165.4,3397.80000000005
165.5,4632.31428571453
165.6,5137.11428571423
165.7,5207.31428571453
165.8,4564.48571428552
165.9,4662.7428571427
166,5563.94285714265
166.1,4793.77142857143
166.2,2560.45714285725
166.3,405.314285714528
166.4,-967.457142856903
166.5,-48.3714285712922
166.6,1228.48571428575
166.7,1574.19999999995
166.8,-188.999999999767
166.9,-1737.19999999984
167,-1135.54285714298
167.1,-633.057142857229
167.2,-394.342857143027
167.3,-2723.59999999986
167.4,-3620.14285714249
167.5,-3837.08571428573
167.6,-4348.62857142871
167.7,-5476.37142857176
167.8,-5886.22857142868
167.9,-4961.37142857141
168,-3703.51428571413
168.1,-2735.54285714275
168.2,-1853.11428571434
168.3,-134.34285714291
168.4,-8.05714285699651
168.5,-742.685714285704
168.6,-421.371428571176
168.7,771.371428571409
168.8,-308.971428571618
168.9,-2863.85714285704
169,-4157.2857142858
169.1,-930.771428571315
169.2,4318.22857142868
169.3,5332.08571428549
169.4,1428.42857142864
169.5,-1456.34285714256
169.6,-30.7714285714319
169.7,2659.0285714285
169.8,4212.54285714275
169.9,2836.25714285683
170,1395.94285714277
170.1,-359.79999999993
170.2,-2369.20000000007
170.3,-3251.88571428554
170.4,-928.828571428428
170.5,3103.4285714284
170.6,4339.40000000002
170.7,2770.54285714275
170.8,-628.714285714202
170.9,-1733.97142857115
171,-1386.51428571413
171.1,-1497.88571428554
171.2,-1768.62857142847
171.3,-651.60000000021
171.4,1350.22857142834
171.5,1666.34285714268
171.6,-938.34285714291
171.7,-4454.88571428566
171.8,-4948
171.9,-2687.65714285721
172,-1427.57142857136
172.1,-2375.14285714307
172.2,-3918.0285714285
172.3,-4349.48571428575
172.4,-3001
172.5,-2668.48571428552
172.6,-3201.31428571453
172.7,-4089.28571428568
172.8,-4206.48571428575
172.9,-4369.80000000005
173,-5184.88571428554
173.1,-5707.57142857148
173.2,-5914.74285714305
173.3,-4694.97142857127
173.4,-4151.59999999986
173.5,-3992.34285714268
173.6,-4352.37142857141
173.7,-4660.91428571427
173.8,-5077.88571428577
173.9,-5961.77142857155
174,-6844.82857142843
174.1,-8289.88571428566
174.2,-8893.3142857143
174.3,-8161.77142857143
174.4,-5839.45714285702
174.5,-3424.54285714286
174.6,-2591.39999999991
174.7,-3475.62857142859
174.8,-4704.40000000014
174.9,-5243.97142857139
175,-5299.60000000021
175.1,-4385.51428571436
175.2,-3105.19999999984
175.3,-2107.08571428549
175.4,-1799.2857142858
175.5,-1165.91428571439
175.6,-1286.65714285721
175.7,-1277.34285714279
175.8,-882.228571428335
175.9,-573.057142856997
176,-254.114285714342
176.1,-565.742857142817
176.2,-449.199999999837
176.3,164.114285714342
176.4,1098.51428571425
176.5,1437.85714285693
176.6,1623.57142857148
176.7,2145.14285714284
176.8,1398.59999999998
176.9,-524.514285714249
177,-1096.97142857139
177.1,-702.285714285681
177.2,307.542857142864
177.3,1550.17142857134
177.4,3583.5428571431
177.5,5069.51428571437
177.6,4238.9714285715
177.7,1221.97142857139
177.8,-1413.57142857159
177.9,-754.571428571595
178,2400.62857142871
178.1,4867.57142857148
178.2,6423.45714285737
178.3,5718.02857142861
178.4,3019.7428571427
178.5,-442.514285714249
178.6,-1909.28571428568
178.7,-1134.77142857143
178.8,-70.6285714285914
178.9,439.942857143003
179,60.3428571429104
179.1,68.1428571426077
179.2,-24.8571428573923
179.3,740.228571428568
179.4,992.14285714284
179.5,658.34285714291
179.6,-1750.62857142871
179.7,-3919.17142857145
179.8,-4484.57142857159
179.9,-3478.68571428559
180,-2663.62857142847
180.1,-3295.85714285728
180.2,-3630.45714285714
180.3,-3884.74285714282
180.4,-3365.0285714285
180.5,-3855.25714285707
180.6,-3686.62857142871
180.7,-3157.74285714293
180.8,-1955.88571428566
180.9,-2393
181,-4652.28571428568
181.1,-6888.91428571451
181.2,-6736.00000000046
181.3,-4061.60000000021
181.4,-2572.14285714272
181.5,-2117.88571428577
181.6,-3554.34285714268
181.7,-4919.54285714286
181.8,-6205.65714285721
181.9,-5399.94285714289
182,-2959.2571428573
182.1,-1176.80000000005
182.2,-1121.77142857155
182.3,-3486.3142857143
182.4,-6531.45714285702
182.5,-9234.02857142838
182.6,-10507.657142857
182.7,-9049.34285714256
182.8,-5614.17142857146
182.9,-2485.51428571425
183,-2425.02857142873
183.1,-4590.6857142857
183.2,-7212.88571428566
183.3,-8459.77142857132
183.4,-8195.11428571446
183.5,-7612.17142857146
183.6,-6158.68571428559
183.7,-3616.85714285716
183.8,-1780.65714285697
183.9,-3855.2571428573
184,-7536.82857142854
184.1,-9022.08571428561
184.2,-6470.45714285702
184.3,-2548.11428571411
184.4,-2034.05714285723
184.5,-3530.02857142861
184.6,-4513.14285714296
184.7,-4565.34285714314
184.8,-4385.34285714291
184.9,-3994.9714285715
185,-3247.37142857141
185.1,-3708.37142857141
185.2,-4566.34285714303
185.3,-5208.39999999979
185.4,-4576.14285714284
185.5,-3250.82857142831
185.6,-3674
185.7,-4725.59999999998
185.8,-5909.65714285709
185.9,-5268.57142857159
186,-3311.51428571425
186.1,-1368.85714285704
186.2,-607.542857142747
186.3,-991.485714285751
186.4,-1423.14285714284
186.5,-2277.9714285715
186.6,-2209.79999999993
186.7,-2182.05714285723
186.8,-1233.57142857159
186.9,-416.628571428708
187,-1291.54285714286
187.1,-3531.59999999986
187.2,-4918.80000000005
187.3,-5171.42857142875
187.4,-4852.34285714303
187.5,-3763.34285714303
187.6,-1595.11428571434
187.7,252.60000000021
187.8,-523.057142856997
187.9,-2779.17142857122
188,-4559.31428571406
188.1,-3352.62857142848
188.2,-1598.3142857143
188.3,-1989.42857142875
188.4,-3370.17142857146
188.5,-3400.62857142871
188.6,-208.657142857206
188.7,2281.14285714284
188.8,2583.14285714296
188.9,869.628571428591
189,-1460.45714285702
189.1,-1932.25714285718
189.2,-2812.17142857146
189.3,-2586.57142857125
189.4,-1320.11428571434
189.5,1818.59999999998
189.6,2915.057142857
189.7,-4.60000000009313
189.8,-4150.22857142845
189.9,-6380.28571428568
190,-4827.28571428568
190.1,-2279.85714285739
190.2,-515.400000000373
190.3,624.000000000116
190.4,1579.20000000019
190.5,1057.80000000016
190.6,-1480.942857143
190.7,-3669.02857142896
190.8,-3094.59999999986
190.9,-318.59999999986
191,1763.77142857155
191.1,1380.05714285723
191.2,56.4857142856345
191.3,-1413.74285714258
191.4,-2035.25714285707
191.5,-1840.80000000005
191.6,-984.285714285797
191.7,234.399999999674
191.8,975.199999999953
191.9,642.571428571478
192,-644.371428571525
192.1,-1059.68571428559
192.2,-441.428571428521
192.3,951.542857143097
192.4,1750.82857142854
192.5,1063.28571428556
192.6,-672.971428571502
192.7,-1115.85714285716
192.8,39.9714285715017
192.9,243.057142856997
193,-1201.14285714296
193.1,-2967.2857142858
193.2,-2226.22857142857
193.3,345.657142857322
193.4,2429.85714285704
193.5,2007.57142857171
193.6,550.285714285797
193.7,-176.885714285774
193.8,-766.857142857276
193.9,-1406.85714285704
194,-1878.57142857125
194.1,-1310.39999999991
194.2,948.400000000023
194.3,2201.28571428568
194.4,1256.77142857143
194.5,-1150.2285714288
194.6,-1910.91428571439
194.7,-813.628571428475
194.8,595.057142857229
194.9,521.457142857253
195,-609.514285714249
195.1,-770.085714285611
195.2,-958.914285714156
195.3,-171.942857142887
195.4,444.25714285695
195.5,1245.37142857129
195.6,954.114285714226
195.7,-846.914285714389
195.8,-3456.40000000002
195.9,-4313.85714285704
196,-1424.88571428566
196.1,1709.62857142871
196.2,2585.80000000016
196.3,-459.628571428475
196.4,-2665.08571428573
196.5,-2328.65714285721
196.6,484.20000000007
196.7,1811.34285714291
196.8,1176.68571428559
196.9,310.91428571404
197,-184.08571428596
197.1,269.999999999884
197.2,-132
197.3,-924.257142857183
197.4,-3251.25714285707
197.5,-4142.17142857134
197.6,-3081.85714285704
197.7,-786.79999999993
197.8,827.885714285658
197.9,222
198,32.5999999997439
198.1,896.39999999979
198.2,2174.08571428561
198.3,2151.80000000016
198.4,1778.34285714303
198.5,1185.40000000014
198.6,-529.571428571478
198.7,-2249.7142857142
198.8,-2821.71428571409
198.9,-1203.17142857145
199,957.14285714284
199.1,1762.45714285702
199.2,333.342857142677
199.3,-2129.22857142868
199.4,-3982.34285714303
199.5,-2690.79999999993
199.6,585.65714285709
199.7,2597.45714285737
199.8,1671.68571428559
199.9,-369.885714285658
200,-620.428571428405
200.1,388.771428571432
200.2,1214.71428571432
200.3,689.971428571269
200.4,-888.885714285774
200.5,-1556.25714285718
200.6,-1072.40000000002
200.7,-218.257142857183
200.8,-92.4857142858673
200.9,-781.542857142747
201,-8.40000000002328
201.1,1427.7142857142
201.2,2707.54285714275
201.3,1986.62857142859
201.4,579.34285714291
201.5,-874.914285714156
201.6,-1260.51428571437
201.7,140.914285714272
201.8,1577.19999999995
201.9,1586.62857142871
202,-487.171428571339
202.1,-1570.80000000005
202.2,-1211.91428571439
202.3,796.514285714249
202.4,1707.2857142858
202.5,1426.05714285723
202.6,254.514285714366
202.7,-644.971428571385
202.8,-1180.88571428566
202.9,-1136.88571428566
203,462.428571428638
203.1,1644.91428571416
203.2,2007.45714285702
203.3,697.971428571385
203.4,-288.971428571269
203.5,-248.114285714109
203.6,1404.9714285715
203.7,2599.22857142834
203.8,1982.02857142838
203.9,1205.08571428573
204,140.057142857229
204.1,430.600000000093
204.2,622.771428571432
204.3,714.600000000093
204.4,-376.657142856973
204.5,-1484.91428571416
204.6,-1310.19999999995
204.7,-731.54285714298
204.8,1005.51428571402
204.9,2054.85714285693
205,2328.39999999979
205.1,1167.31428571441
205.2,476.114285714226
205.3,691.514285714366
205.4,1953.02857142873
205.5,2687.60000000021
205.6,2262.22857142857
205.7,2101.17142857122
205.8,2078.0285714285
205.9,1193.85714285704
206,406.400000000023
206.1,197
206.2,225.199999999837
206.3,512.114285714226
206.4,-20.2857142855646
206.5,-710.257142856833
206.6,-1633.65714285697
206.7,-2122.51428571448
206.8,-1457.85714285728
206.9,1082.51428571413
207,2278.2857142858
207.1,215.20000000007
207.2,-1941.45714285714
207.3,-1836.17142857146
207.4,629.142857142724
207.5,2053.05714285723
207.6,738.114285714459
207.7,-810.971428571502
207.8,-190.057142857229
207.9,1605.59999999998
208,2220.34285714303
208.1,1519.08571428584
208.2,-208.485714285634
208.3,-1304.11428571423
208.4,-1664.25714285707
208.5,-1280.57142857148
208.6,-533.485714285751
208.7,990.771428571432
208.8,1290.94285714289
208.9,157.057142856997
209,-1194.91428571439
209.1,-1743.05714285723
209.2,-513.54285714298
209.3,-207.599999999977
209.4,-477.742857142701
209.5,-1968.11428571434
209.6,-2775.88571428577
209.7,-2528.94285714312
209.8,-1608.08571428584
209.9,534.857142857159
210,1033.05714285723
210.1,1289.57142857148
210.2,307.857142857276
210.3,-289.199999999953
210.4,-601.800000000046
210.5,-820.628571428708
210.6,-536.714285714435
210.7,-1024.05714285723
210.8,-1266.80000000005
210.9,-1299.25714285695
211,220.571428571595
211.1,393.914285714505
211.2,-621.314285714296
211.3,-1932.22857142857
211.4,-1527.80000000016
211.5,-511.257142857299
211.6,-413.571428571478
211.7,-1278
211.8,-2911.48571428587
211.9,-2644.22857142868
212,-1218.48571428563
212.1,-73.7428571427008
212.2,418.428571428638
212.3,-38.3714285714086
212.4,-206.714285714552
212.5,-1103.71428571444
212.6,-2069.14285714272
212.7,-2858.48571428563
212.8,-2347.82857142854
212.9,-868.428571428522
213,-30.7714285714319
213.1,1297.3142857143
213.2,1800.48571428575
213.3,2189.17142857145
213.4,991.028571428498
213.5,-278.314285714412
213.6,-704.485714285751
213.7,-20.6857142855879
213.8,802.628571428708
213.9,798.257142857299
214,70.7428571428172
214.1,-1465.5428571431
214.2,-2168.88571428601
214.3,-1310.3142857143
214.4,793.571428571711
214.5,2946.9714285715
214.6,3295.02857142861
214.7,1223.02857142873
214.8,-1187.20000000007
214.9,-2047.17142857157
215,-281.285714285797
215.1,1624.45714285702
215.2,2251.39999999991
215.3,2027.94285714277
215.4,2848.71428571432
215.5,5065.54285714298
215.6,6167.00000000012
215.7,5727.51428571437
215.8,4089.80000000005
215.9,3199
216,3061.08571428561
216.1,2995.42857142852
216.2,2962.39999999991
216.3,3044.42857142864
216.4,4257.82857142878
216.5,4580.42857142875
216.6,3418.05714285711
216.7,145.771428571315
216.8,-2698.74285714305
216.9,-3881.34285714279
217,-3504.88571428566
217.1,-2387.37142857141
217.2,-640.371428571409
217.3,1078.28571428556
217.4,1193.77142857132
217.5,1081.34285714303
217.6,1607.28571428568
217.7,3162.79999999993
217.8,3788.17142857134
217.9,2835.82857142843
218,1663.37142857176
218.1,1214.68571428582
218.2,240.514285714366
218.3,-1723.17142857145
218.4,-3703.51428571448
218.5,-4647.82857142854
218.6,-4756.31428571406
218.7,-3714.057142857
218.8,-2461.11428571446
218.9,-2348.5142857146
219,-3101.65714285721
219.1,-4091.0285714285
219.2,-4325.48571428552
219.3,-3793.57142857125
219.4,-3505.54285714298
219.5,-3728.80000000016
219.6,-3149.62857142859
219.7,-1326.57142857148
219.8,-82.0571428569965
219.9,-1082.25714285707
220,-2906.39999999991
220.1,-3392.34285714291
220.2,-1366.08571428596
220.3,1300.68571428582
220.4,1311.14285714307
220.5,-637.114285714109
220.6,-2723.88571428566
220.7,-3161.34285714303
220.8,-1644.51428571437
220.9,347.257142857183
221,947.999999999884
221.1,-243.79999999993
221.2,-1673.14285714296
221.3,-1618.42857142852
221.4,-2219.17142857145
221.5,-2882.942857143
221.6,-3563.71428571432
221.7,-3330.94285714265
221.8,-1907.34285714279
221.9,-1326.85714285704
222,-942.000000000116
222.1,-550.914285714156
222.2,397.428571428754
222.3,362.942857142887
222.4,-501.685714285821
222.5,-691.199999999953
222.6,168.971428571269
222.7,1508.48571428563
222.8,1675.62857142871
222.9,-415.028571428615
223,-2653.88571428577
223.1,-3455.20000000007
223.2,-1767.02857142873
223.3,731.400000000023
223.4,964.257142857066
223.5,-883.942857142771
223.6,-3267.82857142866
223.7,-4473.79999999993
223.8,-3900.77142857132
223.9,-2503.11428571411
224,-405.34285714291
224.1,1701.74285714282
224.2,2184.77142857143
224.3,643.685714285821
224.4,-1114.08571428561
224.5,-1753.77142857132
224.6,-2687.34285714279
224.7,-3958.40000000002
224.8,-3546.3142857143
224.9,-1303.85714285728
225,1441.40000000002
225.1,1979.94285714277
225.2,845.171428571339
225.3,-463.771428571432
225.4,-1127.2857142858
225.5,-1249.59999999986
225.6,-1076.79999999993
225.7,124.514285714366
225.8,1040.3142857143
225.9,847.771428571432
226,-398.371428571292
226.1,-640.057142857229
226.2,-581.257142857066
226.3,-1089.74285714293
226.4,-2577.40000000002
226.5,-3178.14285714284
226.6,-1723.11428571446
226.7,160
226.8,1863.08571428561
226.9,1457.54285714286
227,830.314285714412
227.1,526.485714285751
227.2,196.800000000047
227.3,-885.942857142887
227.4,-2388.6857142857
227.5,-2064.54285714286
227.6,-428.542857142864
227.7,532.599999999977
227.8,-822.34285714291
227.9,-2354.34285714291
228,-1105.08571428573
228.1,1294.20000000007
228.2,1394.08571428561
228.3,-1013
228.4,-2342.19999999995
228.5,-530.171428571339
228.6,1522.91428571427
228.7,1668.77142857143
228.8,-186.999999999884
228.9,-1374.22857142868
229,-658.228571428685
229.1,182.028571428382
229.2,-636.028571428498
229.3,-1529.17142857122
229.4,-913.999999999883
229.5,253.14285714284
229.6,702.314285714412
229.7,-684.057142856996
229.8,-1324.057142857
229.9,-296.599999999977
230,1602.4285714284
230.1,1203.71428571432
230.2,-553.142857142957
230.3,-2138.19999999995
230.4,-2069.20000000007
230.5,-1668.88571428589
230.6,-1078.54285714286
230.7,-337.171428571455
230.8,592.199999999837
230.9,600.514285714366
231,-497.742857142701
231.1,-1418.28571428568
231.2,-1059.14285714296
231.3,1225.97142857139
231.4,2798.25714285718
231.5,3148.20000000019
231.6,841.428571428754
231.7,-1953.59999999986
231.8,-3515.11428571423
231.9,-1816.77142857143
232,376.971428571385
232.1,1274.48571428575
232.2,801.342857142794
232.3,811.514285714249
232.4,1300.42857142864
232.5,1301.85714285716
232.6,771.457142857253
232.7,598.342857142794
232.8,1312.62857142859
232.9,1112.54285714298
233,-245.371428571409
233.1,-2176.77142857166
233.2,-1850.57142857136
233.3,-385.942857142887
233.4,668.285714285565
233.5,-34.914285714156
233.6,-1390.62857142859
233.7,-982.028571428615
233.8,960.828571428545
233.9,3024.7142857142
234,2590.88571428577
234.1,977.914285714272
234.2,-529.34285714291
234.3,-1234.45714285714
234.4,-797.742857142817
234.5,51.2000000001863
234.6,908.571428571362
234.7,811.885714285541
234.8,293.54285714298
234.9,227.857142857392
235,407.857142857392
235.1,190.600000000093
235.2,-1030.14285714296
235.3,-1395.80000000028
235.4,-517.485714285984
235.5,1061.99999999988
235.6,1118.14285714296
235.7,718.571428571595
235.8,386.057142857113
235.9,263.571428571362
236,70.1142857141094
236.1,-535.314285714179
236.2,-320.085714285611
236.3,-273.114285714226
236.4,-186.114285714342
236.5,-1218.45714285714
236.6,-2327.74285714258
236.7,-3003.94285714289
236.8,-2717.20000000007
236.9,-864.94285714312
237,422.742857142701
237.1,775.914285714389
237.2,-333.771428571315
237.3,-764.571428571246
237.4,-192.857142857043
237.5,904.514285714482
237.6,2104.17142857157
237.7,2703.48571428575
237.8,2376.85714285693
237.9,505.942857142771
238,-402.571428571478
238.1,122.885714285541
238.2,157.228571428685
238.3,-1492.48571428575
238.4,-4341.77142857143
238.5,-4593.31428571441
238.6,-1721.42857142852
238.7,1674.00000000023
238.8,3734.22857142845
238.9,2364.05714285723
239,663.085714285611
239.1,-921.171428571572
239.2,-1339.3142857143
239.3,-1778.28571428591
239.4,-1703.82857142854
239.5,-547.199999999953
239.6,616.428571428638
239.7,1820.34285714279
239.8,1412.97142857139
239.9,227.285714285565
240,-199.79999999993
240.1,-102.485714285634
240.2,-135.542857142747
240.3,3.65714285720605
240.4,-939.685714285704
240.5,-1598.51428571425
240.6,-1644.45714285725
240.7,-536.057142857346
240.8,966.028571428498
240.9,482.428571428638
241,-131.657142856973
241.1,-1012.85714285704
241.2,242.371428571409
241.3,1391.05714285723
241.4,810.828571428545
241.5,-626.914285714389
241.6,-2184.22857142857
241.7,-1363.48571428587
241.8,-1143.94285714289
241.9,-193.34285714291
242,327.542857142864
242.1,985.428571428638
242.2,1862.11428571434
242.3,1947.31428571441
242.4,1355.71428571432
242.5,595.79999999993
242.6,450.685714285821
242.7,-81.9428571427707
242.8,-1107.82857142843
242.9,-1999.91428571439
243,-767.171428571688
243.1,1686.79999999993
243.2,2872.14285714296
243.3,-125.114285714109
243.4,-2636.37142857141
243.5,-3198.91428571439
243.6,-1618.08571428584
243.7,357.657142857206
243.8,1593.82857142866
243.9,2923.17142857146
244,2013.08571428561
244.1,587.028571428615
244.2,-974.885714285658
244.3,-33.8857142856577
244.4,825.399999999907
244.5,839.199999999837
244.6,-165.971428571502
244.7,-1087.91428571427
244.8,-1134.3142857143
244.9,-800.114285714109
245,-324.485714285518
245.1,-268.228571428568
245.2,203.285714285681
245.3,-305.657142857206
245.4,584.657142857206
245.5,1643.71428571432
245.6,2303.31428571441
245.7,2093.17142857146
245.8,253.657142857322
245.9,-1643.22857142857
246,-2281.42857142852
246.1,-681.45714285702
246.2,979.914285714156
246.3,1450.79999999993
246.4,740.199999999953
246.5,-462.771428571432
246.6,-283.142857142841
246.7,359.857142857159
246.8,762.428571428522
246.9,932.05714285688
247,272.257142857183
247.1,-371.514285714249
247.2,-578.457142857136
247.3,-132.485714285751
247.4,-36.9428571430035
247.5,180.199999999837
247.6,-383.34285714291
247.7,-274.428571428405
247.8,-400.199999999721
247.9,-1027.19999999984
248,-977.371428571525
248.1,-688.942857143003
248.2,-440.285714285797
248.3,-937.971428571502
248.4,-534.171428571572
248.5,217.942857142887
248.6,1264.65714285721
248.7,1634.22857142857
248.8,1363.60000000009
248.9,749.457142857136
249,-875.657142857206
249.1,-1882.942857143
249.2,-969.885714285774
249.3,968.800000000047
249.4,2004.85714285739
249.5,1405.942857143
249.6,652.34285714291
249.7,452.971428571502
249.8,412.685714285588
249.9,4.39999999990687
250,-356.428571428638

